Gender,Age,HeadCircumference,ShoulderWidth,ChestWidth,Belly,Waist,Hips,ArmLength,ShoulderToWaist,WaistToKnee,LegLength,TotalHeight
1.0,30,22,18,20,18,14,22,22,25,25,22,52
1.0,28,19,22,17,18,21,25,28,23,25,20,56
2.0,27,21,18,16,14,10,15,21,18,14,18,53
1.0,29,20,20,18,11,19,14,24,21,20,21,45
2.0,28,16,14,18,13,11,30,25,22,32,13,47
2.0,22,17,19,18,14,16,18,20,24,21,19,60
2.0,18,25,17,16,17,12,28,23,25,14,18,49
2.0,26,18,15,19,17,23,27,19,19,19,19,58
1.0,23,16,16,20,18,22,18,15,26,20,19,40
1.0,31,15,20,28,18,91,17,16,21,21,19,55
1.0,29,16,28,17,15,21,30,17,25,18,17,50
1.0,35,23,21,18,12,18,27,18,17,19,20,49
2.0,29,21,19,17,17,20,21,20,20,18,22,59
1.0,30,19,17,18,18,24,28,23,22,17,24,47
2.0,20,24,21,17,16,18,19,19,27,17,19,51
2.0,27,19,15,20,11,20,18,19,28,17,18,57
2.0,24,16,20,16,9,25,22,19,19,25,15,60
1.0,30,21,18,21,12,19,21,15,20,21,20,59
1.0,35,20,16,28,18,17,23,16,27,23,9,48
1.0,29,18,15,18,15,18,24,20,25,17,13,42
1.0,35,25,18,18,15,19,19,23,19,18,21,49
2.0,29,80,19,16,17,20,20,24,22,19,20,44
2.0,27,21,21,16,18,22,30,15,20,25,9,45
1.0,26,16,22,17,14,24,19,22,18,21,13,54
2.0,24,15,19,17,15,16,20,18,26,21,21,57
1.0,20,16,16,18,17,15,21,19,19,21,20,60
1.0,30,20,17,17,19,18,23,15,17,21,18,57
1.0,35,17,18,18,10,17,24,20,28,20,21,58
1.0,31,19,15,20,14,22,21,25,27,23,19,45
1.0,20,28,14,20,18,19,30,24,25,20,20,51
1.0,24,29,20,18,17,18,35,20,20,16,30,31
2.0,27,17,22,16,12,18,30,17,27,11,31,30
1.0,29,19,20,20,14,18,21,20,28,12,21,33
1.0,27,24,19,16,15,19,21,17,24,12,28,60
2.0,18,15,21,16,15,20,21,18,17,12,39,45
2.0,19,14,22,18,17,13,20,19,18,13,27,47
2.0,20,19,19,18,18,11,23,20,19,14,28,48
2.0,24,17,21,19,18,11,24,19,20,18,22,40
1.0,22,18,16,16,19,12,28,19,21,18,21,48
1.0,24,20,17,17,19,13,20,19,16,17,20,48
2.0,25,22,17,17,12,13,28,18,19,17,27,60
1.0,21,23,17,17,12,18,20,20,18,18,17,55
1.0,25,22,17,22,10,18,21,23,17,16,18,51
1.0,22,20,18,22,11,14,23,22,17,18,19,52
2.0,21,19,20,20,11,14,19,20,17,18,30,53
2.0,19,19,20,21,13,14,18,21,18,17,20,59
2.0,17,19,21,20,13,13,19,20,18,18,28,50
1.0,18,27,16,16,14,15,18,19,19,20,27,50
1.0,25,26,16,14,19,16,19,19,20,21,21,39
2.0,30,26,14,15,18,17,20,18,20,17,21,57
2.0,29,19,19,10,16,20,19,21,17,18,22,44
2.0,28,20,18,16,18,21,30,21,17,18,23,47
1.0,30,22,15,16,16,21,19,18,18,17,23,57
1.0,25,19,21,16,19,23,18,19,26,19,14,58
1.0,30,18,20,17,14,20,17,19,27,16,18,59
2.0,18,17,21,18,16,20,17,20,26,17,17,51
2.0,19,17,18,20,19,15,17,20,17,14,19,59
1.0,28,20,20,18,19,11,18,17,15,11,20,52
2.0,17,21,19,14,13,15,16,17,21,22,38,60
1.0,6,17,9,8,8,10,10,11,8,17,19,25
1.0,8,19,15,13,9,15,15,21,24,17,31,50
1.0,24,21,17,11,8,20,9,25,21,18,37,60
2.0,54,26,18,13,11,23,16,23,27,22,46,72
1.0,16,16,13,17,13,19,16,17,18,18,37,34
2.0,24,24,21,15,12,16,17,24,21,19,34,38
1.0,15,19,15,7,8,13,15,17,20,21,37,51
1.0,4,18,13,15,12,15,15,16,19,13,26,43
1.0,21,22,16,16,8,9,11,14,20,21,30,50
1.0,38,20,17,21,14,13,16,22,27,21,41,47
1.0,49,23,16,14,11,14,14,20,22,23,33,52
2.0,22,24,18,21,19,21,23,23,27,21,28,59
1.0,3,15,7,7,6,7,10,10,11,8,17,23
1.0,12,19,16,15,13,20,16,24,39,21,42,62
2.0,18,22,18,18,15,17,20,21,26,22,19,38
1.0,37,25,19,17,22,17,22,19,27,20,27,47
1.0,21,17,14,17,15,19,16,22,25,21,41,50
1.0,16,23,15,13,10,13,13,20,22,16,30,56
1.0,19,20,18,11,9,20,14,21,9,19,41,55
2.0,32,16,7,8,8,7,8,10,24,8,18,24
2.0,3,21,19,10,10,22,10,23,24,19,37,60
1.0,42,24,15,13,9,10,16,21,10,20,36,61
1.0,2,15,7,11,8,7,15,7,22,7,16,24
1.0,50,20,18,7,8,10,23,19,20,24,34,38
1.0,37,21,19,12,16,18,14,26,23,26,29,37
1.0,20,24,13,18,21,21,24,25,19,19,49,75
2.0,7,17,11,15,12,13,16,15,22,13,26,40
1.0,17,19,10,15,13,15,17,21,22,19,33,47
1.0,24,20,18,12,11,22,13,22,25,20,40,57
1.0,3,16,8,7,7,8,9,9,10,9,18,23
1.0,34,20,18,10,9,21,10,24,22,19,38,59
2.0,24,22,16,12,10,11,14,23,25,19,38,60
1.0,21,18,14,9,9,10,11,20,23,15,30,53
1.0,6,20,18,12,11,13,11,22,25,20,40,61
1.0,31,16,14,12,10,13,19,15,20,11,22,33
1.0,4,20,16,12,10,14,14,20,25,18,32,51
1.0,7,26,19,14,12,23,16,24,28,23,46,73
1.0,54,20,17,14,13,14,15,22,26,21,42,62
1.0,19,20,16,8,9,14,16,18,21,22,38,52
2.0,15,23,16,14,11,14,14,21,23,17,33,56
1.0,24,22,17,12,13,22,12,23,27,20,46,62
1.0,32,20,17,18,9,16,8,23,13,20,30,40
1.0,16,16,8,12,8,7,10,11,11,8,17,23
2.0,2,20,19,13,12,16,17,7,27,19,39,43
1.0,28,22,19,20,18,20,23,24,27,19,39,38
1.0,22,20,13,10,8,10,12,23,19,20,34,75
1.0,8,23,20,16,15,14,16,13,27,23,45,53
1.0,36,23,16,11,10,14,14,25,25,20,39,53
2.0,21,23,16,21,14,20,17,22,22,21,30,43
1.0,32,17,14,18,14,20,17,20,19,19,39,34
1.0,16,21,18,18,14,18,19,18,26,22,40,46
1.0,17,19,12,17,13,16,18,23,23,20,38,42
1.0,18,23,20,14,13,17,16,20,28,20,40,48
1.0,24,22,17,22,13,22,19,23,20,20,27,47
1.0,32,25,19,23,18,23,20,22,23,23,29,56
1.0,42,24,18,21,20,22,24,26,28,18,38,59
1.0,4,18,12,14,13,14,15,16,18,14,25,42
2.0,19,19,18,15,213,14,17,16,20,23,36,60
1.0,20,18,19,16,12,15,16,15,18,25,38,59
1.0,21,16,22,20,23,14,19,16,17,26,29,62
1.0,17,17,17,21,15,13,11,14,18,27,34,41
1.0,16,22,16,10,17,10,13,22,17,21,34,57
2.0,24,21,14,9,10,17,20,16,18,20,37,49
2.0,18,17,19,8,11,14,19,14,20,21,30,63
1.0,37,19,20,13,18,18,18,16,21,19,23,49
2.0,50,16,23,18,12,50,14,22,12,18,29,44
2.0,42,14,10,12,9,49,17,20,25,17,13,54
1.0,40,12,14,11,18,36,17,21,23,16,27,64
1.0,35,15,19,16,10,26,16,19,24,22,28,69
1.0,29,13,18,17,23,19,13,20,21,19,30,67
1.0,55,18,17,15,24,60,14,14,20,23,29,57
2.0,25,22,14,11,14,10,19,15,19,21,31,68
2.0,33,25,16,12,13,20,13,21,17,20,29,69
1.0,39,16,15,14,14,21,19,15,17,22,24,48
1.0,17,23,20,10,9,18,20,16,16,19,20,58
1.0,22,15,19,11,16,19,21,12,18,18,21,60
1.0,25,13,22,14,12,20,22,21,19,19,22,57
1.0,32,11,11,19,14,21,21,15,21,22,30,48
2.0,39,24,10,11,18,21,19,20,23,20,29,49
1.0,49,16,10,16,20,10,14,16,21,21,25,54
2.0,26,13,14,13,11,17,17,19,20,30,30,47
2.0,44,10,16,10,19,31,16,20,19,20,29,66
1.0,25,9,17,7,10,29,14,17,18,18,19,49
1.0,15,14,18,9,9,12,15,19,20,21,20,54
2.0,50,21,19,10,20,52,36,40,36,30,29,47
2.0,42,21,12,11,19,40,44,41,33,29,30,40
1.0,20,22,18,17,15,14,15,24,22,21,21,55
1.0,31,18,19,20,15,21,22,22,19,20,13,52
1.0,19,17,14,16,9,9,14,23,25,13,20,32
2.0,24,19,20,21,10,10,30,18,15,19,9,35
2.0,27,23,16,17,12,11,18,15,21,20,15,56
2.0,29,25,18,19,14,12,19,19,22,25,20,50
2.0,30,20,20,18,16,16,20,25,23,15,18,45
1.0,31,16,18,18,18,23,18,23,22,20,18,45
2.0,28,16,19,16,12,24,17,24,24,14,19,51
1.0,23,18,17,18,11,19,14,20,26,21,24,48
2.0,29,15,20,19,16,21,18,19,20,22,22,43
1.0,35,17,18,20,15,18,19,21,21,14,23,52
1.0,18,25,18,21,17,20,20,23,25,23,26,39
1.0,20,23,22,20,12,21,21,24,22,22,27,45
1.0,35,19,18,18,19,18,22,17,19,20,21,48
1.0,32,18,16,20,16,20,18,22,20,19,19,31
1.0,31,20,21,18,17,21,19,18,18,18,19,60
2.0,20,21,18,19,14,18,17,19,17,17,19,50
2.0,19,24,21,20,10,18,20,20,14,24,16,49
1.0,18,19,18,16,19,19,21,23,23,22,20,33
2.0,24,20,21,18,15,29,22,24,28,21,22,39
2.0,22,20,19,19,14,22,20,23,27,20,21,47
1.0,21,24,20,18,13,14,18,21,19,20,20,53
2.0,26,17,16,18,10,17,17,17,20,18,19,41
1.0,18,18,15,17,11,16,15,20,21,16,21,52
1.0,27,19,16,17,13,19,14,25,25,19,20,48
1.0,29,21,20,18,12,20,20,19,20,20,19,51
1.0,30,21,18,18,12,19,19,20,22,21,18,40
1.0,20,20,21,20,17,20,18,24,19,22,21,55
1.0,5,18,13,14,13,13,12,12,16,9,19,30
2.0,25,22,17,20,16,20,20,20,20,19,30,50
2.0,3,19,10,14,15,8,7,7,12,6,16,20
2.0,7,21,14,15,21,14,12,12,16,11,25,30
1.0,50,24,21,19,13,27,30,20,21,19,30,50
1.0,16,19,16,16,21,15,16,20,20,20,40,52
1.0,5,22,12,11,14,6,8,11,11,18,16,31
1.0,20,17,18,16,11,20,20,20,21,16,32,52
1.0,4,21,10,12,16,8,7,66,7,8,17,21
1.0,23,22,15,9,8,20,10,66,20,15,31,51
1.0,17,18,16,8,7,7,11,21,21,16,32,52
1.0,13,16,16,7,9,10,14,22,20,17,31,40
2.0,18,19,17,10,6,9,11,19,22,12,27,46
2.0,2,21,6,6,7,11,7,16,7,8,17,21
2.0,3,23,11,8,5,9,7,7,11,7,17,30
2.0,7,21,13,10,6,7,12,8,21,10,25,36
2.0,14,22,16,7,9,9,10,20,20,10,30,43
1.0,20,19,17,7,11,10,10,21,18,16,36,46
1.0,31,24,17,10,9,11,10,22,18,20,40,46
1.0,12,21,16,9,6,11,10,17,23,17,32,56
1.0,6,22,10,8,9,10,10,21,21,13,23,41
1.0,3,18,19,10,10,6,12,21,20,12,30,35
1.0,27,25,20,11,11,10,14,20,21,19,34,40
1.0,26,23,17,12,12,11,12,20,16,17,30,52
1.0,36,21,15,13,11,7,13,21,17,20,42,42
1.0,31,21,16,11,10,6,11,22,20,19,39,70
1.0,25,23,18,13,11,10,14,20,20,14,30,56
1.0,4,19,13,16,15,14,15,14,19,10,21,32
1.0,27,21,18,21,19,21,22,24,22,20,40,57
1.0,2,18,9,10,9,9,10,9,15,9,18,23
1.0,9,20,15,15,16,15,16,16,19,13,26,35
1.0,60,23,22,20,23,30,34,24,25,20,40,55
2.0,18,24,17,18,15,16,18,22,22,21,42,57
2.0,4,18,14,12,10,9,10,12,12,9,18,32
1.0,22,27,17,20,18,21,22,23,22,19,39,55
2.0,2,18,9,13,9,9,10,8,10,9,18,23
1.0,24,20,10,10,9,21,11,23,21,19,38,53
1.0,19,21,17,9,10,9,12,24,22,20,40,56
1.0,15,19,17,8,8,11,15,20,20,20,40,50
2.0,19,21,18,11,9,10,13,20,23,15,30,48
2.0,3,17,8,7,7,10,9,9,10,9,18,23
1.0,4,19,12,9,8,11,9,10,12,10,20,32
1.0,8,20,12,11,9,8,13,19,21,15,30,40
1.0,16,22,17,9,9,10,12,21,23,18,32,47
1.0,21,24,18,10,10,13,13,22,24,19,38,50
1.0,32,23,18,11,12,12,12,24,26,21,42,60
1.0,14,20,17,10,10,11,12,21,24,19,38,43
1.0,7,20,16,10,8,12,12,18,20,14,28,38
1.0,4,18,10,11,10,10,10,20,21,16,32,41
1.0,29,22,18,12,11,12,15,23,26,21,42,54
1.0,28,20,18,14,12,10,16,23,25,20,40,46
1.0,35,22,19,15,14,14,15,24,26,22,44,72
1.0,30,22,18,12,13,15,15,23,25,21,42,64
2.0,24,24,17,15,12,13,15,22,24,16,32,57
1.0,30,23,18,12,29,32,16,22,20,21,20,64
2.0,3,18,11,10,22,37,23,13,10,10,17,22
1.0,20,22,18,16,30,37,28,25,19,22,40,46
1.0,34,23,20,17,34,41,24,25,18,22,40,59
1.0,35,24,21,18,37,28,24,23,17,23,39,57
1.0,12,20,14,12,27,33,27,18,14,14,29,57
1.0,30,23,18,15,29,26,20,23,22,22,41,64
1.0,15,20,14,11,23,23,15,19,17,14,30,50
1.0,18,19,18,15,28,34,28,25,24,23,39,80
1.0,17,21,16,13,28,25,28,22,20,18,36,79
1.0,10,21,14,9,25,42,26,17,17,18,26,71
1.0,25,27,20,17,37,42,28,23,20,17,37,60
1.0,32,25,19,16,37,36,8,23,23,20,38,24
1.0,34,22,19,17,32,38,24,24,25,19,36,59
1.0,37,24,20,18,36,38,37,23,20,23,39,68
2.0,1,11,6,16,13,13,14,9,9,9,13,21
1.0,1,12,5,17,12,13,15,9,9,7,13,20
2.0,3,11,6,15,13,12,14,9,10,8,13,22
1.0,4,13,5,18,14,14,17,10,9,8,14,23
1.0,3,18,8,20,20,22,20,8,12,8,15,24
2.0,2,11,87,15,13,12,14,9,9,6,13,19
2.0,1,12,7,16,13,12,15,10,10,8,12,20
1.0,4,22,11,22,20,21,22,7,14,13,24,27
2.0,3,20,10,20,20,21,22,8,14,13,23,24
2.0,4,22,11,21,20,23,24,10,10,13,22,25
1.0,5,22,15,20,19,18,20,19,22,12,16,45
2.0,6,20,14,19,17,16,18,18,20,12,26,43
2.0,7,21,15,19,17,16,18,18,21,12,37,45
1.0,8,20,13,26,23,26,27,10,19,19,31,52
2.0,9,23,15,26,21,20,22,13,19,18,32,55
1.0,10,24,16,27,24,23,24,17,19,20,33,50
2.0,11,25,16,27,28,25,28,21,22,45,49,59
2.0,12,26,14,28,24,25,27,22,23,26,40,60
1.0,13,28,19,27,23,24,27,21,23,26,40,62
2.0,19,29,19,31,28,28,28,30,26,30,46,68
1.0,20,26,17,28,21,26,28,27,26,29,40,67
1.0,21,28,18,28,23,25,27,21,27,29,43,69
2.0,22,20,28,19,28,22,26,28,27,26,40,68
2.0,23,20,18,28,23,25,26,25,28,28,41,69
1.0,24,28,18,28,23,24,26,28,27,27,42,72
2.0,25,26,20,37,28,26,27,28,28,27,42,74
1.0,26,26,20,38,27,28,27,27,26,25,40,85
1.0,27,28,20,31,30,32,38,30,28,27,41,86
2.0,20,29,20,32,28,32,32,28,29,29,42,89
1.0,1,11,6,15,13,12,14,9,9,6,13,19
2.0,1,11,5,16,13,13,15,9,9,6,13,20
1.0,4,20,9,22,21,21,20,7,14,13,22,38
2.0,4,22,11,23,22,24,24,8,17,15,26,44
1.0,1,19,9,21,20,22,20,6,13,9,16,31
1.0,3,18,9,22,21,22,20,7,13,9,16,20
1.0,3,18,8,20,20,22,20,8,12,8,15,24
2.0,1,12,7,16,13,12,14,10,10,9,13,25
2.0,3,20,10,20,21,23,21,11,10,9,17,19
2.0,4,22,11,22,20,21,22,7,14,13,23,27
1.0,5,20,14,18,17,16,18,18,20,12,26,43
2.0,6,22,15,19,18,19,15,20,20,13,28,51
2.0,7,24,16,19,20,20,22,20,21,14,29,56
1.0,8,24,15,20,22,21,20,21,22,16,30,61
1.0,9,24,16,22,20,23,22,22,22,17,30,61
2.0,10,22,13,26,23,27,26,20,16,19,31,71
1.0,11,24,16,28,24,24,25,23,28,21,38,72
2.0,12,25,15,17,25,24,26,22,26,20,37,71
2.0,13,25,16,27,25,24,28,24,26,20,38,73
1.0,15,26,17,28,24,24,25,23,25,21,39,78
1.0,17,28,18,29,28,27,28,25,27,24,40,79
2.0,17,26,18,29,28,28,29,26,30,25,40,79
1.0,18,26,19,28,28,27,28,29,29,27,41,80
2.0,18,28,19,28,28,27,28,29,29,27,41,82
1.0,20,29,19,28,26,28,28,29,28,28,40,82
2.0,20,28,19,29,27,27,28,27,26,28,41,87
1.0,21,26,17,38,27,28,27,27,26,25,40,85
2.0,21,25,18,32,28,31,31,28,27,26,41,86
1.0,21,26,20,31,30,32,26,29,28,29,42,89
1.0,1,11,6,15,13,12,14,9,9,6,13,20
2.0,1,11,5,16,13,13,15,9,9,7,13,21
1.0,1,12,5,17,12,13,15,10,9,8,13,22
1.0,1,13,5,17,13,14,16,10,9,8,14,23
2.0,1,14,5,18,14,14,17,10,9,8,15,24
2.0,5,20,14,19,17,16,18,18,20,12,26,43
1.0,5,21,15,20,18,16,18,18,21,12,27,44
1.0,5,22,15,20,19,18,20,19,22,12,26,45
1.0,10,22,12,25,22,26,24,7,15,4,32,51
2.0,10,22,12,25,23,27,26,8,16,14,32,52
2.0,10,20,13,26,23,26,27,10,19,19,31,52
1.0,9,21,14,26,21,23,29,11,18,18,32,53
1.0,11,23,15,26,21,20,22,13,19,19,32,54
2.0,11,24,16,27,24,23,24,17,19,20,33,55
1.0,11,24,16,28,27,26,28,19,20,21,34,56
1.0,12,26,17,28,26,25,27,20,21,22,36,57
1.0,12,26,16,27,28,25,28,21,22,24,28,59
2.0,12,26,18,28,28,25,27,21,22,25,39,59
1.0,13,28,18,27,22,25,27,21,23,26,40,62
1.0,14,26,18,28,23,25,27,21,23,26,40,63
2.0,19,26,18,30,25,26,29,28,26,28,41,65
1.0,17,27,18,30,26,26,29,29,26,28,41,56
1.0,19,28,26,31,28,28,29,30,26,29,42,68
2.0,18,29,19,32,28,27,29,31,26,30,42,67
1.0,19,29,20,31,26,26,29,30,27,30,42,69
1.0,19,28,18,28,23,25,27,21,26,29,40,68
2.0,20,26,17,28,21,26,28,27,26,29,40,69
1.0,20,28,18,28,22,25,26,25,27,28,21,68
1.0,22,26,20,27,28,26,28,27,28,28,42,72
1.0,2,18,9,8,19,18,20,9,10,8,14,31
2.0,2,19,9,9,20,19,21,20,11,9,16,35
1.0,3,11,8,11,19,12,11,16,10,9,18,32
2.0,4,18,8,10,7,16,10,20,12,10,20,35
2.0,4,20,10,10,20,20,20,13,13,11,22,38
1.0,4,19,10,10,20,20,20,13,13,10,11,38
2.0,4,20,11,11,22,22,22,16,12,12,22,39
1.0,4,20,11,10,20,20,21,18,10,12,19,37
1.0,4,20,11,11,22,22,22,16,12,12,22,39
1.0,5,20,10,9,22,23,24,14,15,11,22,42
1.0,6,21,9,9,20,20,20,14,11,9,17,37
2.0,6,21,10,6,19,20,19,12,19,9,17,38
2.0,6,20,9,10,22,21,20,12,18,12,18,39
1.0,8,18,18,9,19,12,9,14,11,13,21,42
2.0,11,19,13,11,20,22,11,18,14,9,32,50
1.0,12,21,11,9,20,22,10,17,19,19,32,50
2.0,15,22,17,15,37,38,42,19,22,18,35,59
1.0,18,20,19,17,44,42,46,28,19,26,37,66
1.0,14,22,14,16,34,20,38,24,19,19,35,64
2.0,20,21,18,19,34,37,39,22,17,15,33,59
1.0,29,23,21,19,42,38,44,28,22,18,37,66
1.0,37,22,17,14,33,33,37,25,24,23,41,68
2.0,49,24,19,17,46,48,63,20,24,15,34,60
2.0,52,22,16,17,41,14,45,19,16,17,33,60
2.0,23,22,18,16,45,47,62,19,21,17,33,62
1.0,40,22,18,14,45,45,46,25,27,22,39,70
1.0,51,23,19,15,37,36,39,24,22,20,36,65
1.0,65,22,18,16,36,39,41,24,31,25,39,68
1.0,62,24,21,20,47,45,44,23,30,23,38,67
1.0,65,22,18,16,36,39,41,24,31,25,39,68
1.0,46,22,21,18,45,43,45,22,32,23,36,64
1.0,65,23,17,16,40,39,40,25,30,24,37,64
1.0,44,25,19,17,42,44,44,24,26,27,40,69
1.0,40,22,18,14,45,45,46,25,27,22,39,70
1.0,68,21,18,17,36,37,37,23,23,19,36,64
1.0,44,23,19,17,43,44,45,24,31,24,36,67
1.0,37,22,17,15,33,33,37,25,24,23,41,68
1.0,51,23,19,15,37,36,39,24,22,20,36,65
1.0,39,22,17,16,35,36,37,25,22,23,36,67
1.0,51,22,18,19,32,35,39,22,27,24,38,68
1.0,29,23,21,17,42,38,44,28,22,18,37,66
1.0,18,20,19,16,44,42,46,28,19,20,38,64
2.0,18,21,15,15,35,38,40,22,18,19,34,60
2.0,16,22,18,20,31,32,32,21,18,19,35,61
2.0,18,23,19,23,32,37,40,23,19,22,37,59
2.0,24,23,16,17,40,41,45,21,22,21,37,65
2.0,52,22,16,9,41,41,45,19,16,17,33,60
2.0,1,19,9,16,20,18,21,19,11,9,16,35
1.0,14,22,18,17,37,20,38,24,17,19,35,64
2.0,49,24,19,15,46,48,63,20,22,15,34,60
2.0,15,22,17,10,37,38,42,19,21,18,35,59
1.0,8,21,11,9,23,24,26,16,17,12,26,49
1.0,5,20,10,8,22,23,24,14,15,11,22,42
1.0,1,18,9,16,19,18,20,9,10,7,13,31
2.0,28,22,18,16,45,47,62,19,21,17,33,62
2.0,21,22,18,19,43,45,59,19,20,16,33,60
2.0,20,21,18,19,34,37,39,22,17,15,33,59
1.0,10,20,14,12,24,25,12,19,14,14,30,52
1.0,7,19,11,9,13,22,9,15,13,13,20,45
1.0,7,20,12,10,22,22,11,16,14,12,26,47
1.0,6,21,9,9,20,20,10,14,11,9,17,37
1.0,7,20,12,9,11,23,9,14,17,23,20,41
1.0,12,21,11,9,10,22,10,17,19,29,22,50
1.0,10,21,12,9,10,22,12,15,18,24,25,44
1.0,7,21,11,8,11,22,11,13,11,9,21,46
1.0,6,20,12,9,10,23,10,12,17,12,22,45
1.0,7,21,13,11,10,21,10,13,17,12,22,45
1.0,9,20,11,10,23,24,11,18,13,13,28,50
1.0,6,20,9,9,20,20,10,14,11,9,17,37
1.0,6,20,10,9,20,20,10,14,11,9,17,36
1.0,6,21,10,6,20,21,10,13,12,9,18,37
2.0,6,21,9,10,19,20,9,12,19,9,17,38
2.0,6,20,9,10,22,21,10,12,18,12,18,39
2.0,6,19,4,9,20,20,11,13,12,9,19,37
2.0,6,20,5,10,20,20,10,14,11,9,17,36
2.0,6,20,14,12,21,22,11,13,12,9,16,37
2.0,9,20,13,13,24,25,12,19,14,14,30,50
2.0,7,21,9,9,20,22,12,20,13,9,31,51
2.0,6,20,9,9,20,20,10,14,11,9,17,37
2.0,9,20,11,13,21,20,9,13,12,9,18,37
2.0,10,22,14,12,24,24,13,18,14,14,35,50
2.0,12,19,14,11,23,21,11,19,13,14,31,51
2.0,11,19,13,12,20,22,11,18,14,9,32,50
2.0,10,20,13,11,21,20,10,19,13,9,35,55
2.0,6,19,14,11,20,22,10,19,18,9,30,36
1.0,10,19,19,11,21,13,10,15,12,14,22,43
1.0,11,19,19,10,11,12,12,17,19,15,25,43
1.0,13,20,20,13,22,12,11,19,22,18,29,47
1.0,12,20,19,13,21,12,11,19,21,18,29,46
1.0,14,21,20,15,22,13,13,21,23,19,30,48
1.0,14,21,19,14,21,12,11,20,21,18,31,49
1.0,15,22,19,13,20,11,10,19,20,17,17,46
1.0,10,19,19,11,21,13,11,16,12,14,22,43
2.0,10,19,18,12,22,12,12,15,12,14,21,43
1.0,8,18,18,9,19,12,9,14,11,13,21,42
1.0,9,19,19,10,20,13,10,15,12,14,22,43
2.0,6,22,9,10,18,21,22,14,11,23,24,39
1.0,10,20,14,11,24,25,27,20,18,16,28,28
1.0,8,19,13,11,21,22,24,17,15,19,21,43
2.0,7,20,13,10,20,25,24,16,23,18,21,41
2.0,8,20,13,10,22,23,24,18,19,17,25,44
2.0,8,19,13,9,29,23,25,18,16,17,24,44
1.0,9,20,13,11,24,24,25,18,15,17,26,47
1.0,8,21,13,11,23,26,25,18,16,17,26,46
1.0,8,18,11,9,20,12,24,17,15,16,23,44
2.0,10,20,14,10,26,26,28,18,16,16,28,48
2.0,8,22,12,9,20,23,23,18,13,17,23,44
2.0,10,24,13,10,25,27,26,20,16,15,26,47
2.0,8,21,11,10,22,23,26,17,15,15,27,48
2.0,13,22,14,14,24,27,28,23,22,19,33,54
2.0,11,20,13,11,22,23,23,27,23,16,17,52
2.0,13,22,14,14,24,27,28,23,22,19,32,54
2.0,11,21,13,12,23,25,26,17,17,19,29,51
1.0,4,19,10,10,20,20,20,13,13,10,22,38
1.0,11,21,14,12,22,24,25,18,17,28,28,45
2.0,12,21,15,12,24,26,28,18,17,15,28,44
2.0,4,20,10,10,20,20,20,13,13,10,22,38
1.0,11,20,13,11,22,23,23,27,22,16,17,52
2.0,8,20,14,12,24,26,11,17,16,16,26,48
1.0,15,22,14,14,27,28,23,22,19,23,13,54
1.0,8,22,9,10,18,21,22,14,11,23,24,39
2.0,10,24,13,10,25,27,26,20,16,15,26,47
2.0,10,20,14,11,21,23,11,17,19,15,25,46
2.0,7,20,13,10,20,25,24,16,23,18,21,44
1.0,11,20,12,13,24,25,27,24,16,18,31,43
2.0,9,20,10,13,22,10,12,23,15,13,26,45
1.0,6,19,9,11,20,11,13,18,12,12,22,41
1.0,6,21,10,12,22,9,12,19,13,12,23,43
1.0,7,16,10,11,20,10,14,20,11,13,25,43
2.0,7,19,10,13,21,11,11,16,13,13,23,43
1.0,9,20,10,12,19,9,11,19,13,13,25,45
2.0,8,20,10,13,19,10,14,19,11,12,25,42
1.0,10,20,12,17,23,11,14,23,14,15,29,51
1.0,9,21,10,12,21,12,13,21,13,14,26,46
2.0,9,20,11,12,20,10,14,21,11,14,28,48
1.0,12,20,12,12,21,12,13,24,13,15,28,49
1.0,9,20,10,13,21,12,13,20,12,13,24,44
1.0,7,21,11,13,22,12,11,21,12,12,24,44
1.0,8,20,10,12,19,10,11,18,13,12,24,43
1.0,5,20,9,12,19,10,12,18,12,19,20,39
1.0,5,19,9,11,20,11,10,17,12,11,22,39
2.0,12,18,8,10,17,6,9,12,9,10,20,35
2.0,8,20,9,11,21,11,14,20,12,13,24,44
1.0,10,20,12,17,23,11,17,23,14,15,29,42
1.0,5,19,8,11,20,11,15,12,1,22,24,45
2.0,10,20,11,15,21,12,13,22,13,15,28,48
2.0,12,20,10,14,21,12,25,22,14,14,27,47
2.0,13,20,11,16,21,14,14,22,14,15,30,52
2.0,12,19,10,14,21,11,14,17,13,14,27,46
2.0,9,21,11,12,21,12,11,22,13,14,26,46
2.0,6,19,10,12,20,10,10,21,12,11,22,38
1.0,3,19,8,11,19,7,13,18,10,9,18,32
2.0,13,20,12,14,23,13,15,16,13,16,30,51
2.0,13,20,14,15,24,12,15,25,13,17,31,51
2.0,18,20,14,13,24,26,11,17,16,16,26,48
1.0,11,20,14,13,23,23,13,17,19,17,26,33
1.0,9,20,13,11,21,22,11,17,16,15,25,46
2.0,10,24,12,13,23,24,24,22,19,17,30,49
2.0,10,20,14,11,21,23,11,17,22,15,25,46
2.0,13,22,14,14,24,27,28,23,18,19,33,54
1.0,10,24,12,13,23,24,24,22,23,17,30,49
2.0,7,20,13,10,20,25,24,16,17,18,21,44
2.0,11,21,13,12,23,25,26,17,16,19,29,51
2.0,18,20,14,13,24,26,11,17,16,16,26,48
2.0,9,13,13,11,21,22,11,17,13,15,25,46
2.0,4,20,10,10,20,20,20,13,20,10,22,38
2.0,10,20,14,11,21,23,27,26,16,16,15,48
1.0,11,20,13,22,23,23,27,23,19,15,22,38
2.0,10,20,14,11,21,25,11,17,17,15,25,46
2.0,11,21,13,12,23,25,26,17,23,19,29,51
2.0,7,20,13,10,20,18,24,16,14,18,21,44
1.0,6,22,9,10,10,23,21,22,19,11,23,39
1.0,10,20,14,11,21,18,11,17,13,15,25,46
1.0,8,19,19,10,20,24,20,13,16,16,22,38
2.0,10,24,12,13,23,27,22,18,22,17,20,49
2.0,13,22,14,14,24,25,28,23,14,19,33,54
1.0,8,20,11,10,21,21,25,17,19,16,29,26
1.0,8,21,12,11,21,22,24,17,16,18,26,47
2.0,9,20,13,11,21,12,11,17,15,15,25,46
1.0,8,18,11,11,20,27,24,17,22,16,23,44
2.0,13,22,14,19,24,25,28,23,16,19,33,54
1.0,11,20,12,14,24,23,27,24,16,18,31,53
2.0,11,20,13,13,22,23,27,23,16,17,32,52
2.0,8,18,14,11,20,23,23,13,21,25,23,49
2.0,11,20,14,12,22,24,24,10,20,24,23,38
2.0,10,21,13,13,21,22,24,22,19,15,25,46
2.0,8,21,19,12,21,21,23,13,21,25,23,49
2.0,8,21,11,15,20,23,26,17,15,15,27,48
2.0,4,19,10,10,20,20,20,13,13,10,22,38
2.0,9,20,13,11,24,24,25,18,15,17,26,47
1.0,4,19,10,10,20,20,20,13,13,10,22,38
1.0,11,20,12,13,24,25,27,16,18,10,31,53
1.0,2,20,13,10,20,25,24,16,23,18,21,44
2.0,10,24,13,10,25,27,26,20,16,15,26,47
1.0,11,21,13,12,23,20,25,13,19,25,23,38
1.0,13,20,19,15,22,20,26,18,15,10,25,49
1.0,9,18,14,11,20,23,22,13,19,25,23,46
2.0,10,20,11,15,20,23,27,22,19,15,27,47
2.0,13,21,10,11,24,21,23,13,15,10,28,54
2.0,12,21,15,12,27,22,24,14,16,11,27,56
1.0,9,20,13,11,21,22,11,17,16,15,25,46
1.0,11,19,10,11,24,25,20,17,18,10,22,38
2.0,9,20,13,11,20,23,12,18,17,15,26,38
1.0,8,20,12,10,24,24,11,13,13,11,22,47
2.0,6,22,9,10,10,18,21,22,14,10,23,29
1.0,11,21,13,12,20,16,20,16,19,15,27,29
,9,20,13,11,21,24,11,22,14,15,25,44
2.0,12,21,15,12,24,26,28,18,17,24,28,47
2.0,11,21,13,13,21,22,15,21,25,25,27,54
1.0,8,22,9,10,18,21,22,19,26,15,27,44
2.0,7,20,13,10,20,25,24,16,23,16,21,44
1.0,8,18,11,9,20,12,24,17,15,16,23,44
1.0,6,21,6,19,19,23,23,20,14,17,20,37
1.0,5,21,5,9,18,21,21,19,12,13,23,41
2.0,4,20,11,11,22,22,22,16,12,12,22,39
2.0,5,20,12,10,20,21,23,18,16,14,19,30
2.0,6,20,11,10,21,21,20,20,13,13,22,32
1.0,6,21,11,11,22,22,21,19,13,12,21,32
2.0,7,21,11,11,20,22,23,18,12,11,22,30
2.0,6,20,13,11,21,22,24,15,14,12,24,44
1.0,4,20,11,10,20,20,21,18,10,12,19,37
2.0,12,21,14,14,26,29,31,17,31,17,33,55
2.0,5,19,11,11,22,22,22,15,15,12,24,44
2.0,13,23,14,12,24,20,31,21,17,18,34,57
2.0,14,21,14,13,23,24,26,21,12,18,33,57
1.0,11,21,13,11,21,24,25,19,10,14,50,52
2.0,12,21,12,11,24,20,28,20,10,16,13,53
2.0,9,20,12,11,21,24,25,17,16,16,27,48
2.0,5,21,10,10,21,22,24,12,11,12,23,32
2.0,12,24,14,11,23,25,28,22,18,15,34,58
1.0,7,20,12,11,22,24,26,16,13,14,26,46
1.0,6,20,12,11,22,24,24,16,15,14,27,45
2.0,13,23,15,12,24,27,30,27,21,20,37,59
2.0,11,20,12,11,23,24,26,17,15,14,29,49
2.0,11,20,12,11,22,25,27,19,15,17,33,51
1.0,4,20,11,11,22,22,22,16,12,12,22,39
2.0,11,21,13,14,23,22,11,12,21,17,22,39
2.0,13,23,12,11,22,21,26,20,16,17,13,53
2.0,15,5,13,23,22,11,16,16,14,18,50,52
2.0,13,23,15,12,24,27,30,12,15,4,29,49
2.0,11,20,12,11,22,25,29,19,18,12,24,44
2.0,9,20,10,12,21,20,13,20,14,14,24,45
2.0,8,16,11,13,20,21,14,19,12,14,24,44
2.0,9,20,12,13,19,13,14,21,12,15,26,46
2.0,9,20,11,13,22,12,14,22,13,14,26,48
2.0,8,19,10,12,20,12,12,20,13,13,24,45
1.0,4,19,10,12,21,11,11,17,11,11,21,38
1.0,4,20,9,11,19,10,10,18,13,10,18,38
1.0,4,20,9,13,19,10,11,19,11,11,21,37
2.0,3,19,9,10,18,10,11,16,10,11,20,36
2.0,3,20,10,10,18,9,11,16,11,10,18,38
2.0,3,19,10,11,19,9,11,17,11,11,20,38
2.0,3,19,10,12,20,10,11,17,11,11,21,39
1.0,3,20,8,11,20,9,10,15,10,10,17,36
2.0,4,20,9,10,19,10,10,17,12,12,22,38
2.0,4,20,9,12,19,9,11,17,12,11,21,37
2.0,13,21,11,14,23,13,15,24,15,19,29,54
2.0,14,21,14,15,25,12,16,27,14,16,30,53
2.0,16,22,13,15,24,12,14,27,16,19,34,54
2.0,15,20,13,15,24,13,13,24,15,16,24,54
1.0,17,21,13,16,27,14,17,26,15,19,34,55
2.0,10,22,11,14,21,10,11,22,13,14,27,44
2.0,15,21,13,14,24,13,14,25,14,16,32,53
2.0,17,21,13,14,24,13,14,25,14,17,33,53
2.0,16,21,13,15,26,13,16,25,16,16,30,52
2.0,18,20,13,18,25,15,17,29,21,21,38,58
2.0,19,19,13,21,29,16,18,29,19,19,35,58
1.0,6,20,11,12,20,9,13,21,13,11,23,44
1.0,6,18,11,13,19,9,12,20,12,12,23,44
1.0,7,20,11,14,22,10,13,21,13,12,25,44
1.0,5,19,10,10,21,20,9,13,13,11,21,39
1.0,7,21,14,12,22,23,13,18,16,15,24,48
1.0,6,20,11,10,22,22,12,17,14,15,23,43
2.0,6,19,10,11,21,11,10,15,11,15,21,40
1.0,6,20,11,12,21,11,12,16,13,14,22,43
2.0,8,20,13,11,23,13,13,17,15,15,23,44
2.0,6,20,11,10,20,11,10,16,13,14,21,41
2.0,6,21,11,10,22,12,11,16,14,15,24,44
2.0,7,21,14,12,23,13,12,17,15,16,27,48
2.0,6,20,13,12,21,13,12,17,14,13,21,48
2.0,7,20,12,13,22,13,12,18,15,15,24,48
2.0,6,20,11,12,20,11,11,15,12,15,21,40
1.0,7,21,10,13,21,12,12,16,13,16,24,45
2.0,6,21,11,11,19,12,11,13,13,12,20,38
2.0,7,20,11,12,23,13,13,16,14,14,22,43
2.0,7,21,12,12,20,12,12,17,13,15,21,45
1.0,7,20,10,13,23,12,13,17,13,16,23,45
1.0,6,20,11,11,20,13,11,15,13,13,20,39
2.0,5,20,12,12,20,12,11,15,13,13,19,39
2.0,5,19,11,12,23,13,12,15,13,14,22,40
1.0,5,20,10,11,21,11,11,15,12,12,20,39
1.0,6,21,12,11,20,12,11,15,12,14,22,41
1.0,7,21,14,13,23,13,12,18,14,15,25,47
1.0,11,20,11,12,23,13,12,19,17,17,26,50
1.0,5,20,12,10,21,11,11,14,13,11,19,38
1.0,4,20,12,13,23,13,12,14,13,12,19,38
1.0,5,20,11,10,10,11,10,13,10,13,22,41
2.0,6,20,11,11,20,11,11,14,14,13,23,40
2.0,7,21,11,12,22,13,11,16,14,14,25,44
2.0,8,23,13,10,23,11,13,17,14,16,27,49
2.0,10,22,12,13,24,12,15,17,14,16,26,51
2.0,10,22,11,12,22,11,14,16,15,14,23,48
2.0,10,22,12,13,23,11,14,16,18,14,24,47
2.0,11,22,14,13,24,12,14,19,18,14,25,52
2.0,11,20,11,13,24,12,12,17,15,14,27,49
2.0,13,22,12,12,24,12,14,19,15,16,30,55
2.0,11,21,13,13,24,10,14,18,16,11,27,52
2.0,12,22,13,14,26,12,17,20,18,14,29,53
2.0,11,22,12,12,21,10,12,18,17,13,26,49
1.0,13,20,15,13,23,13,16,17,16,14,28,49
1.0,12,21,13,13,23,12,14,17,14,15,27,52
1.0,10,21,14,12,23,12,12,18,15,15,25,49
1.0,13,21,14,14,23,14,13,20,17,17,31,54
1.0,12,21,15,12,23,12,13,20,19,14,30,52
1.0,11,20,12,12,23,10,11,19,15,15,26,48
1.0,9,22,14,12,24,13,12,18,15,16,27,48
1.0,10,21,14,11,24,10,17,18,17,13,26,54
1.0,7,20,10,9,22,9,13,13,12,13,23,44
2.0,8,21,11,11,21,10,13,15,13,11,24,45
2.0,10,21,10,13,24,10,17,18,11,14,29,50
1.0,13,21,15,11,22,10,16,19,13,15,30,55
1.0,12,21,13,12,24,11,15,17,14,15,30,57
2.0,10,21,13,11,21,11,14,15,12,11,28,52
2.0,7,21,11,9,20,9,10,13,10,9,24,44
1.0,5,20,10,9,20,8,10,13,11,9,20,39
1.0,5,20,10,9,20,8,10,13,11,10,20,39
2.0,4,19,11,9,20,8,13,11,10,10,19,37
2.0,8,21,13,13,23,13,13,10,12,13,25,45
2.0,8,20,14,12,22,11,10,10,12,14,23,43
2.0,10,21,13,13,23,12,11,20,13,15,24,44
2.0,8,20,12,11,22,11,10,18,12,14,23,43
2.0,8,21,13,11,22,11,11,16,12,14,23,43
2.0,7,20,11,11,20,10,10,14,10,11,21,40
2.0,7,20,13,11,23,11,11,16,12,14,23,45
2.0,9,20,14,13,24,12,12,17,14,13,23,45
2.0,11,21,11,13,21,10,10,17,12,15,25,49
2.0,10,20,13,12,21,12,12,16,13,13,24,46
2.0,11,22,11,14,23,12,12,18,17,12,26,49
2.0,13,21,12,13,24,12,11,18,16,16,27,50
1.0,12,20,11,12,23,11,12,18,15,14,25,50
1.0,12,19,13,12,23,12,12,18,15,16,26,51
1.0,12,21,14,13,22,12,12,17,16,14,27,50
1.0,12,19,10,14,23,12,12,18,17,13,25,51
1.0,11,20,11,12,23,11,11,17,15,13,29,47
1.0,14,20,11,13,24,10,11,18,16,12,20,49
1.0,8,19,11,11,22,9,11,15,13,16,17,44
1.0,5,20,10,11,22,8,8,13,18,13,19,36
2.0,7,21,10,8,20,11,10,14,10,10,23,40
2.0,7,21,14,12,21,13,12,15,11,11,27,43
2.0,7,21,14,12,23,13,12,17,15,14,26,48
1.0,11,20,12,13,23,13,11,19,17,16,25,50
1.0,7,21,11,12,23,11,12,18,14,17,21,47
2.0,6,20,11,12,20,12,11,15,12,15,20,40
1.0,7,19,10,13,21,12,12,16,13,14,25,38
1.0,8,22,10,11,20,20,12,17,14,12,21,47
1.0,5,19,10,10,21,12,9,13,13,11,21,39
1.0,8,20,12,11,23,13,13,17,15,13,21,41
2.0,6,20,13,11,21,22,24,15,14,12,24,44
2.0,4,20,11,11,22,22,22,16,12,12,22,39
1.0,12,20,13,12,23,26,27,19,16,20,25,49
1.0,15,20,17,15,23,17,24,24,20,19,23,57
1.0,13,20,12,15,22,24,25,17,17,20,32,50
1.0,12,21,14,12,26,11,14,20,17,14,29,50
1.0,11,20,13,11,22,12,14,18,19,13,25,49
1.0,13,19,16,14,22,13,28,18,21,12,34,52
2.0,7,20,12,11,23,23,23,20,17,15,24,43
2.0,5,20,11,10,21,21,23,19,13,13,21,39
2.0,7,20,11,9,19,21,21,19,13,13,21,39
1.0,5,21,12,9,10,21,21,19,13,13,23,41
2.0,7,21,11,11,20,22,21,19,12,12,21,31
2.0,6,20,11,10,21,21,20,20,15,13,22,32
2.0,7,20,11,10,20,21,20,18,17,15,15,31
2.0,5,21,12,12,21,21,26,21,13,20,20,40
2.0,5,20,11,11,21,21,23,20,12,20,21,34
2.0,6,21,13,11,20,22,24,17,12,21,22,39
1.0,17,21,11,14,26,25,18,21,19,19,34,59
2.0,5,21,15,11,22,23,23,17,15,13,22,43
1.0,13,21,8,12,22,14,29,27,22,16,25,23
2.0,2,18,15,8,20,19,20,14,13,11,18,32
1.0,10,20,12,12,22,14,29,27,22,16,25,23
2.0,10,21,12,12,22,24,26,21,15,14,25,45
2.0,13,22,6,14,25,18,30,21,20,16,33,59
1.0,10,21,11,12,22,2,26,21,15,14,25,45
1.0,4,20,17,11,22,22,22,17,12,12,22,40
1.0,13,20,15,14,25,18,30,21,20,16,33,59
2.0,4,20,15,10,20,20,21,18,10,12,19,37
2.0,8,19,11,8,24,18,16,30,20,15,24,30
1.0,32,18,15,11,16,18,25,17,11,16,9,29
2.0,4,10,17,10,41,16,17,21,9,16,49,47
1.0,14,18,23,10,21,16,30,21,14,28,18,43
2.0,21,20,13,12,24,11,13,15,8,14,22,37
1.0,11,28,9,20,20,17,24,21,17,7,14,39
2.0,4,19,13,15,9,18,20,15,12,11,22,19
2.0,9,17,15,6,46,28,14,18,8,16,9,19
2.0,15,19,18,11,20,24,18,17,17,13,27,48
2.0,1,19,19,20,21,14,17,16,10,14,37,36
2.0,11,22,18,7,19,23,15,20,16,10,26,19
2.0,41,13,16,16,33,25,27,14,9,14,22,57
1.0,58,12,21,6,5,24,21,16,10,19,16,32
2.0,12,17,21,8,10,16,31,19,18,9,12,35
2.0,40,18,9,10,38,23,21,19,17,14,14,76
1.0,6,23,16,7,40,26,15,22,21,5,12,42
1.0,14,23,6,9,8,13,25,10,16,4,16,35
1.0,35,22,14,8,19,10,17,17,6,17,20,32
2.0,1,23,15,10,10,17,14,29,13,18,16,35
2.0,6,18,17,10,5,7,13,12,13,18,49,33
1.0,33,18,11,15,11,24,54,21,9,13,26,37
1.0,10,19,20,17,32,27,21,22,7,14,18,29
1.0,12,21,20,11,23,27,14,13,25,14,15,19
1.0,24,17,18,8,19,23,20,19,14,17,14,54
1.0,13,22,20,7,12,21,11,13,9,18,9,54
2.0,7,23,9,6,17,15,24,34,25,4,9,32
2.0,3,22,14,7,15,23,45,18,11,20,20,33
2.0,37,26,22,14,12,20,9,28,7,13,38,68
1.0,7,21,23,9,11,13,30,21,15,15,14,40
1.0,14,20,19,6,12,20,28,22,21,16,18,26
2.0,12,20,21,6,6,55,26,18,15,15,9,49
2.0,13,26,19,9,14,32,20,20,9,9,19,56
1.0,6,19,21,10,7,20,9,14,18,10,18,31
1.0,10,20,20,9,5,25,14,20,24,4,40,27
2.0,11,24,14,7,13,9,15,27,16,19,22,55
2.0,1,17,21,8,7,17,9,23,24,4,18,38
1.0,18,18,14,12,10,20,20,23,19,4,9,41
1.0,15,18,18,8,22,17,30,29,11,6,40,28
1.0,14,20,21,13,20,15,22,18,20,26,17,29
1.0,18,19,19,7,17,18,7,30,22,16,34,31
2.0,6,19,16,9,6,35,9,19,12,14,22,25
1.0,4,18,17,9,5,20,25,10,13,14,18,24
1.0,5,20,7,9,22,28,14,14,18,6,37,37
2.0,13,21,11,6,13,18,20,28,11,24,26,35
1.0,26,15,23,12,16,22,25,16,18,12,25,38
1.0,11,17,18,19,9,27,19,18,19,20,12,43
1.0,2,20,18,9,22,28,17,19,6,8,10,33
1.0,14,19,17,11,32,23,28,7,17,11,11,62
2.0,11,19,15,12,21,12,7,16,21,19,19,69
2.0,5,17,22,9,5,15,18,14,19,4,13,35
1.0,7,17,17,8,17,13,22,28,34,8,14,43
2.0,32,18,19,8,25,14,13,24,13,21,28,35
1.0,10,22,18,8,11,19,9,23,16,13,11,32
1.0,4,17,14,8,11,26,27,23,16,28,37,32
1.0,15,23,9,6,19,14,7,19,32,6,18,35
2.0,15,23,17,10,24,15,43,17,18,9,27,61
1.0,44,16,20,8,21,11,14,15,12,9,13,43
1.0,16,22,13,6,43,37,19,16,12,22,11,45
1.0,3,27,19,7,5,8,19,17,16,5,23,24
1.0,13,17,19,8,36,28,28,23,17,16,28,41
2.0,20,19,20,12,5,22,24,26,17,7,36,71
2.0,15,19,17,7,16,13,18,16,13,14,20,42
1.0,7,21,12,10,23,20,12,6,15,11,17,42
2.0,37,21,15,7,6,20,22,23,12,12,28,46
2.0,57,18,17,7,16,12,38,21,6,22,16,43
2.0,16,17,18,7,11,15,26,25,18,16,22,36
1.0,68,9,19,17,17,22,15,20,12,8,9,38
1.0,41,22,13,15,12,16,11,23,25,6,15,21
2.0,7,19,15,7,35,19,13,18,12,9,20,36
2.0,6,18,19,13,6,25,7,21,11,10,9,35
1.0,7,12,14,7,16,12,11,16,11,10,43,34
2.0,16,19,17,9,27,18,19,26,25,11,33,32
2.0,7,19,11,8,36,22,25,14,12,8,17,38
2.0,9,21,20,16,21,16,22,11,9,13,30,78
2.0,19,18,14,8,6,9,10,19,13,14,16,38
1.0,9,18,22,12,36,15,32,21,6,20,16,30
1.0,8,22,21,11,5,18,21,25,14,16,41,19
2.0,34,20,20,6,12,22,26,25,14,19,34,48
2.0,16,20,24,10,18,30,33,26,14,10,11,48
2.0,25,20,17,15,7,44,11,24,26,17,18,32
2.0,15,18,19,8,25,45,19,22,14,26,42,51
2.0,6,19,8,11,33,13,17,21,15,18,21,50
1.0,16,21,15,9,5,17,7,25,12,9,18,52
2.0,6,20,21,19,6,15,42,16,7,16,10,38
2.0,4,21,20,14,19,17,7,30,15,18,10,46
2.0,2,22,10,18,21,14,20,12,8,4,47,27
2.0,8,20,13,12,5,12,7,15,12,23,25,52
1.0,6,21,20,9,15,7,23,15,10,19,19,19
1.0,14,19,12,14,23,41,16,12,11,16,21,33
2.0,34,24,17,8,21,31,53,25,17,9,12,55
1.0,4,21,21,14,30,27,25,21,16,12,37,49
1.0,4,20,20,11,23,16,18,23,10,13,38,38
2.0,17,19,15,10,6,19,22,16,16,11,23,56
1.0,4,19,18,6,6,8,22,14,17,13,30,35
2.0,4,19,20,6,20,19,12,20,15,18,10,19
1.0,13,17,15,8,15,36,27,22,27,12,13,19
1.0,18,23,11,11,37,23,19,19,13,5,16,57
1.0,4,14,16,12,7,11,7,16,20,13,21,19
2.0,15,22,10,11,5,24,17,22,13,13,14,40
2.0,7,21,17,13,32,16,28,16,14,16,33,19
1.0,34,30,10,12,20,22,26,32,26,4,25,22
2.0,22,20,13,7,6,19,38,16,14,19,21,34
1.0,4,19,20,7,43,31,22,20,6,18,13,42
1.0,6,13,15,8,6,25,17,23,25,16,16,38
2.0,14,19,18,7,15,22,9,19,17,7,38,53
2.0,13,21,15,12,15,13,7,22,16,20,25,21
1.0,13,18,21,10,36,34,21,29,12,17,22,30
2.0,4,19,19,9,18,19,18,16,13,12,26,19
2.0,14,22,14,7,12,16,55,22,12,23,30,45
1.0,13,14,19,7,5,24,13,11,10,17,33,27
1.0,33,21,12,15,39,19,27,29,16,12,26,57
2.0,13,21,19,15,21,27,14,13,13,14,35,47
2.0,65,20,17,7,12,18,28,14,5,16,40,41
2.0,17,23,12,15,24,7,7,20,16,19,23,48
2.0,5,18,21,8,19,17,17,30,13,14,34,30
2.0,12,28,17,7,5,24,29,19,10,9,12,49
1.0,35,17,20,11,18,21,24,15,15,14,30,60
2.0,10,21,13,10,10,29,26,28,15,15,26,39
1.0,13,21,17,9,5,20,12,24,10,18,25,48
2.0,13,23,8,15,17,17,21,22,13,31,35,60
2.0,12,23,7,8,18,21,14,18,12,7,41,83
2.0,32,21,18,12,20,20,15,25,21,23,28,28
1.0,12,15,10,11,19,28,24,17,15,14,23,53
1.0,58,17,13,10,10,28,26,29,12,13,17,81
2.0,20,23,18,14,23,22,16,25,10,17,21,53
1.0,14,18,21,12,14,15,14,23,19,12,23,19
2.0,63,20,16,6,17,13,24,17,18,18,32,44
2.0,14,15,11,10,22,12,15,33,11,23,20,33
2.0,7,19,12,13,18,61,18,17,10,20,37,41
1.0,27,13,15,11,22,22,22,19,15,9,24,19
2.0,9,22,23,8,15,21,8,12,28,5,29,39
1.0,1,19,13,14,6,11,28,15,14,14,21,19
2.0,34,20,7,12,13,17,24,25,12,6,35,33
2.0,46,19,17,10,16,12,22,24,9,9,12,70
1.0,1,19,14,11,15,17,8,16,27,17,20,44
2.0,10,18,14,13,22,14,15,22,23,25,11,44
1.0,13,21,10,7,26,16,24,13,19,15,9,44
1.0,11,18,16,17,30,10,21,25,16,12,19,35
2.0,11,25,19,8,7,16,26,22,7,4,24,19
2.0,16,16,17,8,8,21,38,13,12,19,29,35
2.0,15,23,16,9,26,17,21,14,13,14,18,48
1.0,33,24,14,6,12,40,32,16,12,6,13,43
2.0,1,19,22,7,14,13,19,30,13,18,45,35
2.0,17,23,8,8,6,10,16,29,10,20,28,42
1.0,16,14,20,14,13,29,7,21,20,18,14,66
1.0,5,18,19,8,19,21,14,26,18,18,16,50
2.0,8,22,13,8,13,24,18,28,12,7,34,23
1.0,37,22,17,9,25,16,19,24,10,10,41,70
1.0,13,18,18,14,13,37,16,19,17,6,29,27
1.0,13,19,9,12,10,10,13,29,16,21,36,31
2.0,46,22,19,11,10,14,21,22,21,10,36,52
2.0,16,15,22,9,5,15,17,22,13,17,41,49
1.0,10,21,16,12,15,18,22,19,9,15,31,41
2.0,9,17,16,9,5,49,19,21,25,8,16,57
2.0,12,24,20,11,27,19,35,32,11,10,20,38
2.0,7,29,22,11,22,24,30,22,9,10,32,50
2.0,11,23,10,7,17,15,21,12,15,6,21,32
2.0,13,17,13,10,5,24,25,22,9,8,13,41
2.0,18,19,14,13,20,17,19,22,19,18,9,44
1.0,2,20,17,10,14,10,8,19,23,16,20,19
2.0,7,21,12,6,19,15,8,19,15,11,21,56
1.0,14,16,16,9,18,15,19,18,26,21,32,37
1.0,18,19,15,7,23,19,15,22,15,11,33,27
1.0,4,15,15,7,22,36,20,18,11,12,32,47
1.0,10,21,10,9,28,28,21,21,11,9,22,35
1.0,9,21,20,6,12,20,23,19,18,14,16,19
2.0,18,20,14,30,11,22,27,23,17,17,14,25
1.0,6,11,16,11,16,24,17,20,29,4,15,33
2.0,14,20,22,12,6,19,17,21,13,22,13,54
1.0,13,22,18,8,6,12,9,24,26,17,13,19
1.0,9,17,22,14,6,28,35,21,11,14,21,34
1.0,16,18,15,14,32,17,13,14,19,21,27,20
1.0,17,19,19,14,40,22,20,15,7,11,28,44
1.0,57,20,23,12,8,17,20,17,20,14,25,34
1.0,13,19,18,10,21,16,7,23,17,4,17,40
2.0,17,21,12,7,8,18,19,19,29,4,15,32
2.0,2,19,10,8,15,22,36,19,8,13,21,48
1.0,41,20,20,8,24,24,18,19,16,15,33,32
2.0,68,23,12,10,20,18,22,17,9,11,17,41
2.0,6,20,7,6,19,9,16,29,22,17,32,19
1.0,6,18,11,15,6,19,30,22,15,15,26,47
2.0,8,21,10,10,15,17,16,31,15,20,15,57
2.0,10,25,15,11,19,9,7,20,10,20,32,45
2.0,8,18,17,6,5,18,31,23,17,4,15,41
1.0,36,23,9,14,15,6,15,30,23,10,24,48
2.0,34,19,19,15,16,7,12,19,22,10,17,57
1.0,31,21,11,12,7,43,16,21,21,21,9,33
1.0,9,20,13,9,13,16,32,21,14,21,27,41
1.0,4,22,8,17,19,22,21,22,14,6,9,53
2.0,13,22,14,10,15,18,17,23,21,22,21,47
2.0,8,17,19,14,5,14,21,30,7,8,22,37
1.0,6,19,23,8,17,18,26,18,12,4,9,40
2.0,6,20,11,8,24,27,15,18,22,17,16,31
1.0,32,21,15,6,20,22,26,29,11,18,22,32
2.0,10,20,14,6,19,14,25,15,13,17,16,21
1.0,8,15,18,10,20,27,24,21,24,21,27,19
1.0,1,14,19,17,24,17,7,18,14,12,10,24
1.0,17,23,13,20,8,18,39,14,15,4,9,38
2.0,2,20,24,9,10,22,16,19,20,27,31,32
1.0,8,22,12,7,42,18,20,14,18,9,15,26
1.0,42,19,15,10,10,13,19,28,10,17,37,48
2.0,13,20,11,6,23,16,23,22,15,9,19,46
1.0,39,19,14,12,22,13,16,17,17,9,9,21
2.0,9,23,11,7,10,22,14,15,16,6,30,37
2.0,8,5,22,13,10,41,8,21,11,23,31,45
2.0,12,24,17,10,19,15,8,20,17,19,37,19
2.0,68,20,15,30,9,12,16,18,20,12,28,42
1.0,11,29,13,15,23,13,20,27,15,13,20,38
2.0,4,22,24,7,5,10,37,20,16,17,41,32
1.0,17,19,19,26,5,14,20,15,15,4,23,42
1.0,8,19,17,12,12,22,26,23,23,4,22,19
2.0,4,18,22,9,21,32,27,28,8,14,23,50
1.0,8,20,17,8,6,18,11,23,18,11,9,40
2.0,2,22,5,14,14,18,10,27,15,13,36,44
2.0,8,26,23,6,19,18,15,19,21,18,23,63
1.0,33,19,21,6,21,10,21,6,14,12,21,19
1.0,17,18,11,8,26,15,17,28,13,17,21,47
1.0,5,22,17,11,9,21,23,25,15,21,26,19
1.0,11,21,15,19,15,39,21,22,22,9,33,24
1.0,19,17,19,17,23,26,21,11,22,14,17,25
1.0,7,19,17,16,25,19,40,20,11,22,24,19
1.0,45,17,17,6,8,28,29,17,15,11,10,34
1.0,3,17,16,11,16,22,24,13,8,19,11,36
2.0,2,25,20,13,20,25,17,16,17,9,25,42
1.0,2,22,13,13,24,24,12,14,16,6,22,53
2.0,4,18,15,8,22,17,9,8,19,15,35,56
1.0,23,10,20,18,15,17,10,25,8,16,24,41
2.0,19,20,18,10,7,14,10,23,20,14,15,46
2.0,56,12,21,9,5,22,22,14,8,23,29,32
2.0,10,17,19,13,15,22,9,16,12,10,18,35
1.0,16,21,18,15,12,15,14,21,15,16,25,27
2.0,8,9,16,9,9,19,14,21,16,12,31,37
2.0,3,26,24,10,8,18,17,19,10,15,46,19
1.0,12,19,7,11,26,20,25,19,19,17,16,29
1.0,10,18,19,10,8,16,23,15,20,11,12,29
2.0,15,22,12,17,31,15,22,22,12,13,21,50
2.0,12,28,15,15,13,18,7,11,8,17,35,51
1.0,11,19,19,6,22,18,49,17,18,15,18,19
1.0,8,18,19,12,20,19,15,13,21,21,13,47
1.0,23,21,12,6,12,16,23,16,12,18,13,42
1.0,11,18,17,7,16,12,18,11,19,4,38,44
2.0,4,19,15,7,13,40,19,20,18,25,17,37
2.0,17,20,14,11,16,24,21,30,15,9,15,52
1.0,10,8,23,9,22,29,8,18,11,16,25,24
2.0,8,17,20,6,16,17,17,30,26,14,18,40
2.0,15,21,15,7,16,8,23,22,14,7,24,45
1.0,18,23,15,8,11,24,8,16,13,16,14,40
1.0,34,23,8,9,17,20,10,13,22,14,15,36
1.0,4,22,22,7,15,15,9,20,19,11,36,35
2.0,11,20,18,7,5,28,23,6,11,8,30,44
2.0,37,23,17,11,17,17,9,19,11,18,28,49
1.0,36,18,11,11,14,16,7,14,11,6,16,64
2.0,11,22,12,8,13,26,31,27,1,12,26,89
1.0,11,21,14,7,10,26,23,24,13,8,9,21
1.0,10,23,12,10,11,19,9,23,12,13,9,30
2.0,5,19,19,9,16,13,9,21,14,11,20,29
1.0,11,20,21,8,18,21,10,13,24,11,9,19
2.0,53,21,20,7,5,29,18,27,24,8,16,32
1.0,7,20,15,10,5,14,25,26,19,13,17,19
2.0,6,23,8,13,26,15,14,20,14,16,13,53
2.0,8,20,19,6,21,22,10,24,18,8,43,31
1.0,15,20,13,6,5,30,20,17,7,23,24,31
2.0,3,22,14,7,15,26,26,22,11,12,29,48
1.0,14,20,19,8,5,16,22,18,19,18,41,35
1.0,5,19,22,10,14,29,22,26,8,14,33,32
2.0,14,24,4,6,7,22,27,19,17,6,20,43
1.0,15,10,16,9,9,15,20,25,1,4,22,22
2.0,7,23,15,19,23,29,22,16,22,13,31,48
1.0,11,13,23,10,5,9,17,15,23,16,16,30
1.0,5,21,16,8,15,19,19,16,15,14,33,52
1.0,14,20,20,17,14,25,16,16,16,17,24,19
1.0,15,5,14,10,22,14,47,12,15,7,40,39
1.0,31,19,21,11,22,25,28,24,11,8,17,39
1.0,10,14,22,8,5,21,20,14,16,12,13,29
2.0,38,21,12,7,28,25,27,11,9,26,18,52
1.0,12,18,21,15,24,25,19,18,17,11,15,41
2.0,11,21,14,10,15,17,7,20,14,5,28,52
1.0,10,20,21,14,39,19,13,16,14,9,12,31
1.0,14,18,21,12,9,19,12,15,19,8,19,51
2.0,9,27,16,8,17,9,21,13,10,12,35,42
2.0,7,19,14,8,17,28,25,20,16,6,22,45
1.0,12,20,17,8,8,21,18,14,9,8,43,36
1.0,9,22,18,6,16,26,19,13,23,13,29,36
2.0,9,21,15,9,19,19,11,11,9,5,21,51
2.0,14,23,11,19,17,15,21,17,9,5,15,48
2.0,37,21,20,17,9,20,9,14,9,15,35,69
2.0,4,15,19,7,23,24,17,13,9,20,41,34
1.0,32,21,20,6,26,16,16,18,8,23,34,32
1.0,16,22,16,9,15,20,17,16,12,7,24,31
2.0,10,19,11,6,5,22,19,29,19,18,13,28
2.0,28,17,11,7,19,21,24,20,23,12,35,37
1.0,9,28,21,10,11,12,18,16,10,9,20,22
1.0,2,20,20,10,10,18,10,9,20,15,27,19
1.0,10,18,18,13,5,28,14,18,8,15,35,30
2.0,11,20,23,6,7,20,10,21,14,12,17,30
2.0,13,18,14,19,14,20,22,15,7,14,47,65
2.0,4,22,15,7,5,16,24,16,21,32,20,29
1.0,13,19,17,8,6,23,28,20,20,17,28,28
2.0,43,13,15,6,16,18,22,16,11,6,14,36
1.0,1,17,19,7,36,28,26,24,23,25,28,19
2.0,1,19,21,10,6,12,16,20,13,15,33,19
1.0,18,18,17,8,5,22,21,23,15,8,29,51
2.0,13,16,6,6,14,23,22,16,26,20,22,46
2.0,14,19,20,12,5,13,13,22,24,19,34,25
2.0,9,22,9,13,27,21,25,17,14,4,30,48
1.0,8,24,11,12,11,14,21,12,9,6,25,29
1.0,12,20,20,8,10,18,11,25,22,20,27,45
1.0,16,21,21,8,21,27,14,13,18,21,25,28
2.0,2,13,20,13,7,19,18,15,14,14,26,54
1.0,3,22,19,8,8,22,7,16,21,10,11,30
2.0,13,20,19,19,10,20,27,27,12,19,9,57
1.0,12,13,11,16,5,13,14,29,22,11,13,35
2.0,13,13,19,11,11,22,28,23,17,17,50,35
1.0,18,20,14,11,8,24,23,22,23,12,18,47
2.0,14,18,20,11,6,23,16,20,30,10,26,25
1.0,1,22,18,18,18,16,12,26,16,6,25,35
1.0,25,21,14,8,10,41,22,19,20,5,15,33
1.0,6,12,13,8,16,15,14,15,17,6,14,31
1.0,23,21,15,7,17,22,7,21,10,17,50,31
2.0,8,21,13,10,23,14,24,21,9,20,21,19
2.0,16,18,23,14,14,40,20,29,10,10,36,33
1.0,48,19,10,9,15,19,26,18,16,5,25,30
2.0,1,22,16,13,16,20,22,13,10,14,28,50
2.0,18,22,22,7,5,15,18,22,14,12,19,48
1.0,9,21,21,11,20,26,23,19,13,12,36,39
1.0,10,18,24,10,26,22,9,24,13,16,16,52
2.0,2,19,22,7,21,51,8,27,13,11,29,39
1.0,12,19,14,11,43,23,27,17,26,9,21,50
1.0,7,18,17,7,23,22,23,16,19,4,27,35
2.0,1,16,19,6,12,18,19,16,10,4,32,27
2.0,14,21,15,6,11,30,17,21,21,10,28,44
1.0,12,22,19,35,15,19,12,15,27,11,24,35
2.0,16,9,20,6,8,18,17,24,18,14,17,55
2.0,17,14,19,8,5,10,28,21,15,13,20,54
1.0,6,20,19,9,16,10,23,16,8,11,31,19
2.0,14,20,20,9,6,14,13,16,24,15,29,35
2.0,15,17,19,6,16,15,26,20,12,13,9,41
1.0,12,27,23,7,18,28,37,14,16,13,21,19
1.0,1,17,20,9,10,32,42,20,20,12,43,19
1.0,14,20,18,6,37,16,22,25,16,19,11,32
1.0,14,22,15,19,16,25,44,10,19,5,12,69
2.0,17,22,9,6,16,20,28,24,15,13,14,55
2.0,22,18,18,7,5,24,22,25,22,11,19,68
1.0,8,22,14,7,46,22,43,24,19,26,23,48
2.0,18,19,15,18,11,36,20,29,21,20,20,38
1.0,13,17,17,7,5,37,8,23,21,13,9,42
1.0,12,18,14,16,54,22,27,20,10,11,13,49
1.0,4,17,19,7,9,21,19,16,21,12,45,39
1.0,15,21,8,6,25,27,19,12,15,14,24,30
1.0,6,26,12,9,23,14,19,16,20,13,49,46
1.0,5,22,18,10,19,16,31,15,15,4,9,33
1.0,27,17,14,8,10,24,24,12,9,13,42,33
2.0,37,21,11,11,15,13,22,22,24,13,21,20
2.0,18,20,20,7,17,10,22,23,25,14,19,48
1.0,1,22,20,7,29,29,26,14,18,12,9,50
2.0,8,21,17,13,17,12,19,26,20,23,11,72
1.0,23,23,11,7,19,16,29,23,18,18,13,41
2.0,14,21,20,14,12,10,17,16,4,24,29,59
1.0,4,19,21,10,18,28,7,19,25,14,21,34
1.0,4,22,13,6,13,37,20,25,12,14,12,37
2.0,9,21,20,14,20,7,24,27,15,22,27,31
2.0,6,20,23,9,11,13,16,27,9,14,10,29
1.0,10,22,19,7,17,12,34,19,15,12,19,19
2.0,12,19,13,14,15,42,19,17,15,11,23,44
2.0,3,23,14,15,15,27,9,21,17,12,30,33
1.0,15,21,13,11,27,22,22,18,13,5,29,24
1.0,5,23,14,8,16,12,25,18,13,24,23,23
2.0,9,19,10,6,12,8,19,21,17,13,23,53
2.0,12,20,14,9,18,13,20,17,20,15,19,38
1.0,33,19,12,11,20,14,14,18,13,5,19,47
2.0,11,20,12,9,22,22,32,19,12,15,17,19
1.0,12,20,19,19,22,17,14,29,17,30,30,37
1.0,17,22,15,13,18,14,18,19,17,8,24,74
1.0,6,23,14,8,24,17,11,15,25,15,13,27
1.0,15,21,13,14,16,32,18,17,8,8,18,70
2.0,19,22,17,10,15,5,22,20,12,16,44,32
2.0,38,25,15,6,21,41,24,15,10,10,27,39
1.0,6,22,16,11,18,17,23,18,16,8,31,37
2.0,6,19,13,9,6,17,8,23,10,5,28,48
2.0,16,6,15,8,19,16,18,20,18,14,33,32
1.0,1,22,18,13,41,13,10,6,14,8,36,41
1.0,1,20,20,10,9,26,14,19,12,8,43,27
1.0,1,25,19,7,32,22,27,15,13,25,13,35
2.0,50,18,14,12,18,6,22,23,8,8,14,65
1.0,7,18,20,10,14,7,9,17,11,19,19,38
1.0,14,15,20,11,8,26,30,31,1,10,14,30
1.0,4,22,21,13,7,22,46,18,15,10,36,30
1.0,7,21,15,7,15,13,17,13,18,8,29,38
1.0,9,20,21,12,14,25,20,23,10,14,31,35
2.0,3,20,17,11,22,19,18,24,30,20,24,38
2.0,10,20,10,13,5,20,19,11,15,23,17,58
2.0,10,22,12,16,5,13,8,21,18,16,46,35
2.0,28,18,12,21,11,23,7,21,13,20,37,75
2.0,9,20,14,7,17,18,23,13,20,12,40,50
1.0,12,15,19,7,13,23,23,23,12,20,19,35
1.0,13,14,14,10,17,20,23,25,12,20,16,64
2.0,36,19,16,8,21,22,21,25,14,26,28,43
2.0,9,21,6,10,19,13,14,20,13,20,9,32
1.0,8,20,17,13,13,23,26,31,15,20,17,44
2.0,13,22,16,7,15,14,10,21,11,27,16,19
1.0,5,23,14,18,17,22,17,23,24,6,14,40
1.0,3,24,17,13,6,18,25,14,8,15,24,45
2.0,13,20,18,8,21,15,44,15,9,16,15,40
2.0,9,19,21,7,17,50,12,26,10,6,28,27
2.0,32,21,17,6,8,20,12,18,18,18,24,42
1.0,17,22,16,9,21,33,8,16,18,9,36,51
2.0,14,21,22,11,15,22,9,24,17,21,18,23
2.0,7,21,17,6,19,8,28,19,19,11,29,63
1.0,53,5,23,9,5,19,22,18,10,10,24,23
2.0,1,22,20,22,21,18,42,17,10,21,27,29
1.0,15,18,23,8,8,18,21,24,16,10,16,39
2.0,19,23,14,6,8,15,27,23,17,18,29,37
2.0,68,26,12,6,38,22,10,22,6,16,9,40
2.0,11,21,21,6,20,19,23,16,13,15,9,48
1.0,49,19,22,9,8,23,58,25,12,18,13,23
1.0,11,17,19,13,9,9,7,29,10,23,11,45
2.0,11,20,18,6,17,25,25,23,12,8,43,46
2.0,2,18,16,10,20,8,11,29,12,16,25,36
1.0,3,21,18,8,14,15,26,15,21,9,12,40
1.0,9,17,23,6,7,27,20,22,24,10,27,19
1.0,4,22,9,6,7,26,21,14,13,14,35,41
1.0,68,18,19,19,14,8,23,23,8,12,24,44
2.0,14,22,10,7,21,28,11,17,11,10,9,43
2.0,15,11,20,9,19,25,21,13,11,10,30,47
2.0,14,19,17,10,9,16,17,25,19,15,24,35
2.0,15,23,15,11,5,23,54,26,8,9,24,23
1.0,18,23,9,8,9,9,27,16,14,8,24,19
1.0,42,20,13,7,25,25,18,21,15,23,26,37
2.0,6,22,9,18,16,6,18,21,22,7,30,66
2.0,40,21,18,12,8,14,21,20,17,10,40,19
1.0,1,15,19,6,30,13,7,15,12,13,45,45
2.0,40,17,13,9,32,22,7,14,19,18,27,23
2.0,17,18,11,6,19,23,14,29,7,12,33,63
2.0,33,13,17,10,13,16,19,24,20,13,27,42
2.0,18,6,15,6,32,27,26,28,13,12,35,40
1.0,31,16,21,12,18,24,27,16,10,24,36,43
1.0,1,18,15,7,18,36,23,18,22,24,19,37
2.0,3,22,16,7,32,14,8,18,12,15,31,33
1.0,4,23,8,11,15,24,22,19,19,5,32,37
2.0,1,18,10,15,16,13,23,15,15,9,16,76
1.0,8,19,14,11,16,26,27,21,13,16,12,25
2.0,18,16,21,8,24,19,19,26,13,10,29,30
2.0,6,17,21,14,12,26,54,25,6,16,47,45
2.0,15,12,17,8,16,25,31,17,14,17,26,29
2.0,68,21,8,17,42,21,19,25,19,20,39,47
1.0,16,18,16,11,8,20,28,19,18,22,23,45
1.0,10,20,16,11,9,15,9,13,21,9,32,54
2.0,11,17,20,8,15,14,20,15,9,8,11,34
1.0,8,18,23,11,5,12,26,23,16,16,27,28
1.0,17,22,7,10,6,21,17,29,14,16,21,36
2.0,10,22,21,8,8,17,28,19,16,4,18,33
2.0,7,22,17,6,19,17,21,23,12,11,37,40
2.0,1,19,19,12,50,15,16,26,18,24,21,49
1.0,1,19,17,8,9,20,30,20,7,16,17,36
2.0,14,20,7,15,21,17,55,28,12,15,25,66
2.0,25,13,16,11,6,29,17,17,14,11,30,35
2.0,8,19,17,9,18,19,21,14,11,5,31,43
2.0,14,20,14,8,17,23,20,20,14,23,13,59
2.0,11,17,13,8,22,29,22,16,11,14,32,49
1.0,10,17,23,7,19,28,11,21,22,21,11,37
1.0,14,21,18,12,7,8,18,16,18,6,13,54
2.0,34,23,17,6,18,16,9,18,10,16,34,45
1.0,7,18,19,17,14,15,22,27,16,26,33,36
1.0,18,20,20,11,5,15,28,19,13,16,33,34
1.0,13,19,19,9,21,15,30,22,15,14,9,27
2.0,9,19,18,13,7,17,27,16,7,17,41,27
1.0,2,18,7,13,16,28,25,23,16,6,18,43
1.0,7,19,16,10,18,29,23,15,19,21,23,71
1.0,10,11,11,13,6,18,28,21,17,11,16,60
1.0,12,18,19,7,17,17,23,26,28,8,12,29
2.0,16,18,24,10,19,29,19,28,17,14,28,46
2.0,16,20,15,11,19,11,10,29,14,19,38,30
2.0,40,21,21,13,23,15,14,27,9,10,40,58
1.0,1,19,23,13,34,11,19,16,10,22,33,42
2.0,7,21,12,7,20,7,26,20,11,20,28,47
2.0,23,10,14,6,21,21,26,28,16,10,16,19
1.0,8,21,9,9,6,17,19,29,24,4,37,50
2.0,36,23,15,6,38,20,20,19,10,6,12,60
1.0,15,17,18,10,9,22,27,22,20,19,14,31
1.0,24,19,21,19,13,17,16,19,13,6,13,27
1.0,13,19,18,12,18,46,30,26,9,16,23,47
1.0,36,17,22,11,16,18,13,25,16,17,29,43
1.0,10,23,12,25,19,16,16,20,13,18,23,29
1.0,10,23,20,13,18,16,14,14,19,7,9,44
2.0,17,21,20,7,9,17,7,22,23,6,12,33
1.0,6,19,18,9,5,21,11,15,19,12,24,39
2.0,16,18,12,17,16,17,16,27,14,9,17,44
2.0,5,10,14,8,17,34,26,19,22,17,17,48
1.0,18,18,15,7,5,32,23,14,22,14,29,29
1.0,13,24,18,27,13,20,18,16,9,8,25,19
1.0,13,21,15,7,13,7,9,9,16,18,23,43
2.0,7,21,15,8,18,9,7,20,9,18,22,19
2.0,18,20,19,7,22,28,17,17,18,19,28,39
1.0,1,22,13,10,5,16,26,18,21,27,21,31
1.0,11,20,16,9,18,30,10,19,13,6,18,32
1.0,12,20,22,7,19,11,24,18,14,12,45,42
1.0,10,22,15,11,18,24,17,27,14,13,35,52
1.0,25,18,15,8,37,14,17,22,16,23,27,38
2.0,16,8,18,10,15,27,28,16,9,8,45,35
1.0,12,23,18,12,21,16,30,23,12,22,12,49
1.0,4,16,24,10,18,18,46,27,28,13,24,38
1.0,12,17,19,7,11,26,21,17,14,15,9,56
2.0,4,21,12,7,9,21,15,13,15,11,17,46
2.0,6,21,16,6,6,14,28,31,15,12,12,57
2.0,12,22,20,14,8,13,20,19,17,5,35,76
1.0,1,18,16,9,10,16,16,17,15,16,33,31
2.0,16,21,16,15,21,20,21,18,19,20,14,30
1.0,9,17,24,10,19,12,10,21,14,8,27,19
2.0,2,20,17,11,7,16,23,28,27,4,29,26
2.0,13,23,17,6,25,10,63,27,7,19,11,43
2.0,7,19,22,15,5,22,23,16,14,14,26,35
1.0,1,19,18,14,18,10,22,12,8,8,16,19
2.0,3,18,20,10,8,21,35,21,27,10,28,29
1.0,12,13,21,11,25,23,28,17,19,12,17,38
1.0,12,14,19,6,7,27,8,14,17,13,39,19
2.0,15,23,14,7,15,17,16,23,18,14,33,48
2.0,7,17,21,11,5,21,16,23,13,9,23,36
2.0,6,24,14,6,8,14,17,20,9,10,39,36
1.0,13,18,23,8,19,15,27,27,9,14,20,40
2.0,14,22,14,7,8,42,16,21,15,12,10,59
1.0,3,16,19,14,17,20,38,24,10,31,39,70
2.0,25,23,15,9,20,20,59,21,13,12,40,46
2.0,18,20,22,15,16,13,26,18,22,14,45,42
1.0,22,22,19,6,7,18,9,9,8,16,25,43
1.0,1,18,17,13,8,43,18,15,13,11,21,35
2.0,1,14,13,11,10,22,14,24,19,18,34,45
1.0,38,6,24,11,8,19,16,21,21,10,12,44
2.0,1,13,13,11,18,20,18,18,13,15,29,43
2.0,3,20,12,9,19,8,7,7,20,24,25,28
2.0,15,20,16,16,5,13,30,18,9,19,25,42
2.0,20,7,9,8,10,20,7,18,21,15,21,51
1.0,6,19,24,9,12,19,19,21,13,10,24,23
2.0,5,20,20,9,5,12,16,21,8,5,41,41
1.0,6,21,20,8,13,24,22,29,14,21,23,32
1.0,30,18,18,8,7,22,48,23,13,15,18,19
1.0,10,15,17,7,6,23,29,18,19,20,14,28
1.0,14,21,13,10,5,26,13,22,23,7,22,19
1.0,13,19,14,9,9,18,27,20,22,19,18,28
1.0,15,21,10,6,17,21,26,17,23,25,24,52
2.0,12,20,13,8,16,40,27,18,12,9,9,31
1.0,11,20,18,16,5,13,19,13,8,4,29,28
1.0,5,23,17,6,16,14,19,17,17,20,12,19
1.0,13,15,16,19,25,13,21,26,16,8,34,52
1.0,4,17,20,11,17,62,27,24,14,18,30,21
1.0,4,18,15,8,12,18,22,8,17,12,30,33
1.0,12,18,19,8,11,23,7,13,18,10,33,33
2.0,2,23,19,14,13,19,8,18,15,15,22,47
2.0,11,18,9,19,14,27,21,17,14,16,23,47
1.0,17,20,12,7,13,26,19,12,20,13,20,44
1.0,8,18,18,8,21,24,12,21,15,7,24,47
2.0,22,19,17,10,18,13,23,25,28,21,24,72
1.0,2,20,17,8,5,18,11,18,19,16,23,19
1.0,68,21,19,18,7,9,26,14,11,6,31,38
2.0,12,30,13,6,17,20,11,21,12,21,36,31
1.0,10,17,19,9,26,29,7,24,11,15,14,37
2.0,3,21,17,8,18,28,13,21,22,4,22,24
1.0,10,18,19,8,5,5,37,28,14,10,16,30
2.0,5,16,17,9,27,13,19,18,13,19,19,40
1.0,4,19,14,10,12,23,19,19,13,19,26,37
2.0,12,23,12,8,23,26,7,8,14,12,23,29
1.0,18,18,21,9,30,26,9,15,16,13,16,38
1.0,3,22,17,7,26,21,22,20,11,11,25,30
1.0,19,21,22,14,5,27,16,14,20,12,17,45
2.0,13,28,11,8,5,26,26,15,6,4,34,56
1.0,21,17,17,11,18,15,19,15,14,11,26,25
2.0,1,18,9,13,5,21,21,22,13,19,32,44
2.0,15,10,11,10,18,18,33,17,8,14,18,48
2.0,32,22,11,6,25,16,12,22,9,16,33,50
1.0,8,19,18,8,17,21,15,24,15,6,17,28
1.0,8,20,17,13,7,14,8,16,13,21,34,40
1.0,6,12,21,11,25,14,11,19,14,13,29,32
1.0,18,22,5,14,21,19,18,17,19,17,9,26
1.0,6,19,12,21,16,26,7,10,11,11,38,26
2.0,6,18,16,11,5,21,16,27,13,15,35,33
1.0,6,21,16,15,11,26,9,23,14,20,23,19
2.0,16,21,21,8,15,23,13,22,16,33,41,47
2.0,16,20,18,7,10,41,22,29,12,15,13,76
2.0,11,20,18,13,8,13,41,28,20,18,16,42
2.0,8,23,21,14,22,8,21,18,14,13,28,77
2.0,15,21,12,13,7,20,19,20,8,12,31,30
1.0,2,21,19,9,12,17,20,27,17,4,9,19
2.0,33,8,23,11,7,5,21,27,15,21,27,19
1.0,17,12,10,16,33,14,22,29,15,12,24,40
1.0,5,21,20,10,6,19,20,20,7,16,22,26
2.0,25,18,16,8,5,20,22,19,8,10,24,54
1.0,9,5,17,6,17,8,56,29,13,10,10,31
2.0,15,25,18,10,24,10,13,19,10,8,49,46
1.0,1,20,15,9,24,17,32,21,19,15,23,54
1.0,1,18,22,13,17,5,24,24,11,13,37,25
2.0,12,18,14,14,29,20,9,22,7,21,36,42
2.0,2,15,18,7,13,18,25,14,20,22,27,19
1.0,11,19,13,20,18,19,16,19,26,23,11,28
2.0,6,23,19,9,12,17,13,25,12,8,24,19
1.0,1,24,17,14,13,17,15,10,18,13,27,29
1.0,7,18,16,18,8,16,24,18,15,12,24,34
1.0,9,19,22,19,22,24,28,20,25,12,17,34
2.0,15,22,9,6,6,13,19,26,27,23,35,34
1.0,2,20,21,6,12,20,31,23,16,8,29,39
2.0,27,19,15,10,18,18,21,17,17,9,50,81
1.0,63,21,21,11,8,17,25,28,23,14,21,37
1.0,3,18,18,15,29,16,15,16,13,12,27,39
1.0,11,19,18,9,16,11,39,28,26,7,18,26
2.0,15,22,15,9,24,18,11,22,19,11,9,60
2.0,12,20,22,8,5,16,18,27,9,19,34,71
2.0,9,23,19,8,11,23,20,13,10,11,22,38
1.0,30,23,21,7,23,27,17,28,21,19,31,43
1.0,19,23,17,15,32,23,26,25,18,11,15,22
2.0,6,21,15,10,27,21,12,19,23,17,20,50
1.0,42,17,19,14,5,22,29,18,8,18,9,63
2.0,11,19,23,7,19,21,12,24,20,16,21,36
2.0,6,20,11,8,16,14,16,17,14,4,22,39
1.0,12,20,17,17,19,40,7,18,15,11,19,33
1.0,43,17,20,9,9,25,12,9,23,4,29,56
1.0,16,22,10,13,17,46,22,12,12,19,13,24
1.0,18,24,6,6,24,7,30,15,12,15,19,40
2.0,4,19,17,8,26,20,13,22,9,24,29,35
2.0,10,21,17,6,16,13,26,21,11,7,25,47
2.0,9,23,9,14,23,14,32,27,16,14,33,54
1.0,12,16,23,8,12,25,8,19,10,17,25,19
1.0,24,19,20,12,23,17,24,14,19,11,13,19
1.0,7,18,23,12,14,8,7,34,20,32,22,30
1.0,8,20,21,9,10,11,7,19,13,19,12,25
2.0,13,20,9,15,12,17,43,31,14,20,35,73
2.0,8,18,16,10,23,14,14,27,10,13,25,35
1.0,8,20,10,16,6,28,17,21,14,8,26,19
2.0,3,19,18,9,5,6,20,25,16,24,27,31
1.0,11,22,21,11,8,13,21,19,12,14,24,19
2.0,5,21,19,6,5,12,16,21,19,10,16,37
1.0,16,20,22,8,16,29,23,26,10,12,19,19
1.0,17,21,5,13,20,16,20,15,17,18,16,40
1.0,10,19,20,10,23,20,9,20,12,16,31,43
1.0,10,19,20,10,15,20,8,28,19,15,17,49
2.0,6,20,22,8,27,25,19,20,14,25,29,32
1.0,1,23,13,6,21,28,7,21,12,14,20,34
1.0,27,18,16,8,15,12,21,21,15,10,17,38
1.0,17,18,17,8,12,14,21,26,11,8,12,34
1.0,1,19,17,6,13,30,26,21,17,19,20,32
1.0,12,24,15,10,11,9,12,21,16,23,21,39
2.0,10,24,18,10,21,31,11,12,15,18,16,64
2.0,40,22,16,8,9,34,26,25,8,18,14,49
2.0,5,23,17,7,12,27,16,24,9,10,38,60
1.0,5,21,16,9,6,17,17,8,10,11,32,48
2.0,1,21,22,6,28,23,27,17,14,10,37,39
2.0,56,16,19,6,20,17,24,21,19,20,24,28
1.0,2,19,19,8,18,19,16,22,25,14,11,33
1.0,14,18,11,7,16,24,28,22,15,19,12,36
2.0,12,19,14,7,11,23,8,30,9,15,24,43
2.0,15,14,18,7,15,14,8,17,20,13,29,19
1.0,14,20,20,7,7,25,11,22,22,14,9,28
1.0,4,20,10,14,58,15,36,31,13,13,11,38
1.0,16,22,21,11,15,10,8,18,22,6,31,28
2.0,9,20,19,8,20,20,9,20,21,14,19,28
1.0,3,19,20,7,19,9,20,30,23,5,19,19
2.0,4,18,16,8,16,8,32,26,9,14,32,19
2.0,13,19,16,9,16,12,45,15,26,11,23,24
1.0,5,19,11,12,26,20,8,23,25,8,32,28
2.0,6,18,22,7,23,9,29,16,17,4,29,41
2.0,10,18,19,10,12,9,19,28,8,18,20,19
2.0,4,18,19,9,32,41,7,16,17,27,42,65
2.0,48,5,21,9,10,19,30,30,8,4,29,29
1.0,18,23,23,13,22,58,10,20,14,20,23,68
2.0,12,20,17,6,23,14,8,19,14,8,28,50
1.0,7,21,20,6,13,44,14,20,16,13,34,19
2.0,14,22,14,11,19,13,24,18,6,11,22,26
1.0,8,19,17,7,8,8,27,21,15,6,16,19
1.0,10,18,14,11,10,19,29,19,17,18,10,19
1.0,9,21,19,8,5,13,26,19,17,7,18,39
2.0,4,18,21,8,33,21,25,19,11,25,9,51
1.0,14,5,13,8,36,25,26,24,20,16,27,45
2.0,12,14,12,11,55,26,25,19,18,7,17,29
2.0,27,18,23,8,8,18,18,20,10,13,43,39
1.0,13,33,9,7,19,16,24,15,8,9,23,29
2.0,6,12,11,11,12,47,46,26,6,9,32,19
2.0,1,19,14,11,25,27,7,17,9,4,34,54
1.0,18,22,17,20,13,6,11,23,9,11,9,46
2.0,56,22,7,13,21,32,22,22,18,24,19,43
1.0,17,20,17,12,12,20,10,22,11,10,35,20
1.0,6,19,20,12,22,52,23,20,19,14,28,36
2.0,8,20,20,10,19,31,19,20,12,18,22,63
2.0,8,11,16,8,5,16,26,21,10,15,31,50
1.0,34,19,21,17,14,7,26,24,6,18,12,51
1.0,15,21,14,9,16,42,14,18,17,15,26,29
2.0,9,23,20,11,20,41,13,24,9,17,30,26
1.0,39,19,15,6,5,19,22,19,11,28,30,35
1.0,1,22,22,9,9,17,19,19,24,12,10,23
2.0,10,15,17,9,20,25,19,26,16,9,40,44
1.0,22,23,16,9,12,25,25,24,11,18,22,60
1.0,14,22,16,11,24,17,8,23,19,20,35,19
2.0,46,21,19,7,14,9,7,23,3,22,23,38
2.0,12,21,9,8,42,15,20,20,20,11,12,46
2.0,12,21,15,15,11,20,25,24,12,7,28,55
1.0,15,17,19,10,11,28,29,19,16,17,16,45
2.0,14,20,14,9,22,18,20,18,8,4,12,41
1.0,2,19,23,6,15,15,31,12,11,14,15,35
2.0,6,18,20,6,7,15,22,19,13,19,44,42
1.0,1,7,24,8,17,18,19,16,21,5,18,29
2.0,18,20,16,15,12,15,8,16,15,10,26,57
1.0,4,19,18,6,15,22,7,22,10,15,49,34
2.0,12,21,17,13,18,16,16,21,12,11,36,19
1.0,5,14,20,10,21,16,22,16,11,4,11,39
1.0,30,29,12,6,41,21,22,19,26,14,30,46
1.0,13,18,20,15,12,8,16,20,9,31,21,19
1.0,7,18,15,14,20,21,22,23,21,16,19,19
1.0,1,19,14,14,28,29,18,23,18,15,23,19
1.0,1,17,19,8,23,28,22,20,24,19,23,36
1.0,4,20,16,6,21,17,16,20,19,4,15,46
1.0,11,17,17,14,37,24,28,20,22,12,11,26
2.0,10,21,13,8,32,26,14,20,26,10,12,32
2.0,20,19,11,6,21,24,14,19,29,15,17,73
1.0,16,18,21,14,6,55,11,20,26,11,31,21
2.0,40,22,21,7,13,24,51,17,10,15,22,27
1.0,12,13,15,6,16,14,25,29,23,14,13,19
1.0,45,23,10,12,27,19,12,16,16,12,26,45
2.0,4,25,13,7,31,18,15,14,16,16,28,40
1.0,12,20,18,7,14,14,17,20,9,10,20,40
2.0,8,28,16,7,27,22,22,18,23,16,16,19
1.0,4,18,17,10,15,24,15,26,14,12,29,27
1.0,10,19,18,17,5,22,17,13,14,14,21,46
1.0,7,20,12,6,5,14,10,10,13,13,9,19
2.0,16,20,18,15,10,19,23,17,17,9,24,48
2.0,3,19,16,11,25,37,20,30,16,20,32,19
1.0,18,11,17,14,32,15,20,20,9,21,24,43
2.0,12,18,13,9,9,10,27,20,8,15,15,55
1.0,10,19,14,10,20,25,30,30,16,19,26,49
2.0,38,21,22,12,16,15,18,14,7,13,31,49
2.0,8,20,10,6,8,19,52,25,9,9,18,49
1.0,23,18,14,6,21,18,11,15,17,10,20,37
2.0,9,18,12,9,12,18,11,22,9,12,26,50
2.0,14,23,11,19,12,15,14,29,20,13,39,38
1.0,14,18,16,12,30,13,17,25,14,15,15,36
2.0,14,19,17,14,26,17,17,6,21,23,21,23
2.0,26,20,16,9,20,18,18,20,26,20,30,61
1.0,13,20,17,9,17,22,32,18,15,19,9,40
2.0,12,23,6,12,31,17,22,15,5,12,35,56
1.0,4,23,11,12,10,15,7,24,13,20,20,47
1.0,3,13,23,6,15,30,14,25,11,16,17,43
1.0,16,23,14,7,9,6,23,16,8,9,15,19
1.0,11,10,9,13,39,23,15,17,7,9,22,37
2.0,53,20,18,12,18,14,20,30,13,14,22,30
2.0,11,19,14,13,18,30,17,18,20,13,18,19
1.0,14,19,23,8,15,29,14,26,13,16,15,29
2.0,13,20,9,11,14,13,23,16,22,10,23,20
2.0,11,18,19,9,13,27,17,20,14,19,9,19
1.0,13,21,17,6,5,11,28,20,13,6,30,25
2.0,3,19,23,6,19,16,12,26,20,16,31,40
2.0,11,18,16,6,44,15,10,20,6,12,23,39
1.0,8,18,15,8,7,20,13,15,18,9,20,32
2.0,41,20,12,10,15,18,13,23,14,9,14,25
1.0,7,17,17,12,14,18,19,20,16,13,21,57
2.0,16,22,20,9,6,16,19,16,8,27,42,36
2.0,3,22,19,9,17,9,24,21,7,10,21,40
1.0,10,20,17,7,28,24,21,19,28,12,14,47
1.0,29,13,18,6,16,11,20,27,13,14,17,38
1.0,15,19,15,7,16,17,58,20,12,13,9,41
2.0,1,20,20,8,7,25,20,12,21,10,44,56
1.0,7,9,20,7,20,27,10,16,14,14,20,63
2.0,18,18,18,17,19,26,20,19,13,12,27,54
1.0,1,15,18,7,11,20,7,29,29,19,22,19
2.0,10,18,11,13,20,16,27,26,6,17,27,48
2.0,34,21,19,18,23,6,22,30,16,12,11,57
2.0,14,27,16,6,26,14,8,20,6,12,33,49
2.0,14,22,12,9,19,18,12,17,8,16,37,46
2.0,18,22,22,6,6,14,25,18,16,17,14,61
1.0,16,21,14,10,5,22,10,21,18,6,17,24
2.0,25,19,18,8,5,10,21,24,21,11,30,36
1.0,10,21,17,9,46,21,17,15,18,12,25,24
1.0,7,19,18,7,7,23,11,26,17,19,18,27
1.0,8,18,17,14,17,27,21,24,16,10,27,41
1.0,36,18,22,6,10,20,29,21,16,11,36,37
2.0,12,23,20,12,6,12,22,17,13,15,21,38
2.0,1,20,16,7,9,19,32,17,15,10,28,29
1.0,13,19,20,20,22,11,26,24,21,22,16,19
1.0,7,20,15,10,20,23,23,16,15,18,27,36
1.0,15,22,17,7,24,29,19,6,11,15,11,46
2.0,11,22,15,7,21,19,23,21,7,9,28,24
2.0,4,15,21,20,7,35,32,28,8,15,32,23
1.0,1,20,16,6,36,16,20,19,25,13,11,33
2.0,10,22,7,6,16,21,7,26,23,12,25,42
2.0,12,21,16,6,25,18,20,29,21,15,21,54
2.0,20,19,21,10,12,16,18,21,9,23,9,50
2.0,5,6,20,6,26,18,22,31,22,22,9,20
2.0,18,18,14,12,13,23,14,23,11,21,44,38
1.0,3,21,16,15,28,20,20,15,16,9,9,27
2.0,4,20,18,6,5,30,22,23,29,6,30,19
1.0,2,22,22,6,10,28,15,17,17,12,30,19
1.0,15,25,14,12,7,16,28,27,14,12,31,39
1.0,28,21,21,13,16,9,22,17,18,11,9,31
1.0,17,20,15,7,20,13,15,21,21,10,13,19
2.0,32,15,21,7,8,6,12,15,12,14,24,29
2.0,4,23,13,14,17,19,16,19,8,12,18,69
1.0,12,17,13,10,18,14,21,19,25,9,20,25
2.0,10,23,19,14,9,18,63,29,7,6,29,37
2.0,40,20,15,9,20,21,25,17,12,13,38,65
2.0,8,20,20,11,5,18,14,12,23,13,29,34
2.0,14,21,22,8,10,25,15,22,17,19,9,41
1.0,14,18,11,12,26,18,7,22,20,14,17,45
1.0,6,19,17,21,28,22,23,22,19,15,34,46
1.0,34,18,20,13,5,26,42,20,24,5,25,47
2.0,37,21,17,6,5,19,32,15,8,13,20,45
1.0,17,12,20,9,19,20,21,18,24,8,16,69
2.0,11,12,8,7,44,11,17,32,19,7,11,53
2.0,14,18,18,10,16,22,17,20,13,14,25,41
1.0,17,5,18,11,16,18,22,22,14,8,16,19
2.0,14,22,13,10,6,17,24,19,22,7,16,30
2.0,18,21,13,8,7,42,16,21,12,10,35,40
1.0,10,21,21,11,22,17,19,27,24,12,35,27
2.0,7,21,15,7,8,15,12,16,9,19,19,39
1.0,8,23,24,7,12,13,12,21,29,12,20,30
1.0,16,19,18,12,8,14,25,20,16,8,11,27
2.0,17,19,11,13,25,28,15,18,7,19,9,30
2.0,57,19,23,25,8,13,24,18,14,11,44,50
2.0,29,22,21,12,22,17,24,28,8,14,28,46
1.0,11,19,19,12,21,20,20,26,14,22,24,46
2.0,23,11,18,12,18,19,23,17,7,7,35,46
2.0,20,22,15,9,10,12,8,22,14,21,9,35
1.0,15,19,20,6,29,20,24,12,11,10,34,59
2.0,8,22,11,10,7,16,22,17,15,21,29,27
1.0,11,19,17,11,22,26,18,16,18,16,20,85
2.0,18,8,21,7,8,9,13,26,10,21,32,48
1.0,12,22,13,8,20,27,15,19,19,23,31,50
2.0,11,18,8,11,19,14,23,28,12,14,17,29
2.0,18,29,17,12,12,14,21,24,16,7,21,41
1.0,13,17,10,11,5,10,16,20,21,19,25,34
2.0,5,23,17,7,12,23,19,18,13,20,41,43
1.0,17,20,14,8,18,17,20,18,26,14,12,40
1.0,26,15,15,12,21,27,18,19,16,23,37,23
1.0,11,22,17,7,35,12,18,27,17,15,32,33
2.0,8,24,11,7,17,22,13,24,25,18,17,71
1.0,12,22,22,31,5,13,26,12,14,4,27,47
2.0,8,10,24,10,39,15,19,19,20,15,34,50
1.0,32,21,15,16,24,45,7,24,11,16,13,36
1.0,21,21,17,9,7,14,31,17,15,15,9,33
2.0,14,10,12,8,13,30,34,20,19,19,30,78
2.0,4,19,21,21,8,17,27,16,10,19,14,34
2.0,13,21,20,6,14,19,7,18,23,14,41,56
2.0,10,18,15,13,7,15,28,31,18,11,37,61
1.0,7,22,19,31,13,49,25,13,13,15,15,28
2.0,13,21,12,7,6,14,47,17,9,14,39,58
1.0,18,19,17,9,18,18,17,17,19,8,13,66
2.0,17,20,10,6,19,17,8,22,20,11,9,25
2.0,2,20,15,9,18,3,15,13,14,18,36,31
1.0,1,16,18,8,6,17,24,31,18,18,12,37
2.0,7,18,9,12,6,19,22,29,21,11,35,49
1.0,5,21,13,6,22,16,18,21,26,13,47,36
2.0,14,21,13,6,16,14,20,20,22,29,18,77
1.0,10,18,22,16,16,17,27,27,14,12,9,19
2.0,2,12,10,10,21,20,17,14,18,7,36,33
1.0,11,22,18,8,5,9,13,25,9,14,19,19
2.0,13,19,12,11,40,19,7,28,22,12,33,56
1.0,11,18,12,7,9,17,17,14,11,6,21,31
1.0,68,18,18,7,10,24,21,23,19,9,22,19
1.0,13,23,14,6,28,20,15,20,18,15,35,44
2.0,7,22,21,6,22,19,19,29,17,21,27,33
1.0,18,9,23,11,5,24,7,20,16,9,16,30
2.0,13,24,12,8,13,19,18,23,12,12,17,37
2.0,16,18,15,10,13,7,28,25,9,6,9,41
1.0,11,19,14,12,26,23,14,27,14,10,9,45
1.0,2,9,23,14,17,15,15,18,20,16,19,19
2.0,5,28,16,17,7,6,18,8,14,17,30,60
1.0,5,23,11,8,5,16,18,21,12,11,15,29
2.0,1,17,18,10,7,21,11,15,12,13,20,19
2.0,1,24,16,9,32,21,27,24,1,5,30,50
2.0,15,22,19,14,15,29,26,18,9,5,29,51
2.0,10,22,21,15,17,28,10,15,24,18,26,19
2.0,6,25,15,13,12,22,8,16,15,10,26,46
1.0,16,17,16,12,9,8,23,19,23,13,11,38
1.0,22,20,19,8,19,21,26,6,14,11,17,19
1.0,6,19,22,6,23,28,18,33,14,10,25,30
2.0,4,29,12,9,31,18,26,17,14,7,16,33
2.0,14,26,17,7,10,7,21,24,10,20,23,38
1.0,12,18,21,16,15,14,33,23,8,13,25,33
1.0,19,18,14,9,15,21,18,29,13,18,22,27
2.0,40,7,15,9,7,18,28,32,5,5,17,35
1.0,1,19,19,9,17,20,9,16,21,9,31,48
1.0,18,21,14,9,41,20,32,24,22,9,9,42
1.0,26,21,21,8,7,19,16,28,23,29,30,41
2.0,15,21,8,7,16,18,20,12,12,9,17,61
1.0,19,20,17,6,5,28,24,25,13,19,18,43
2.0,24,21,22,10,11,13,20,21,19,12,21,28
2.0,32,19,15,6,21,25,33,16,20,4,19,25
2.0,5,22,17,6,15,15,20,18,12,5,24,29
1.0,3,22,6,11,19,14,9,21,20,16,27,36
2.0,21,18,20,6,8,24,17,15,10,9,50,27
1.0,19,29,18,13,5,14,14,23,18,5,11,34
2.0,48,20,13,10,12,27,12,25,11,11,17,30
2.0,13,23,19,12,20,15,25,21,23,14,12,52
1.0,16,18,24,8,9,18,22,13,18,9,33,28
1.0,3,17,17,10,11,21,17,15,28,14,30,40
2.0,18,14,15,9,6,18,21,15,12,12,34,48
2.0,14,22,5,10,18,12,16,7,20,18,18,65
1.0,29,26,21,9,5,26,15,16,27,19,30,31
1.0,16,18,17,12,5,14,22,13,9,20,14,47
1.0,8,20,23,6,19,19,27,21,20,4,26,33
2.0,42,22,15,9,14,20,48,26,9,8,29,56
2.0,29,18,18,7,18,11,8,16,15,6,10,28
1.0,5,19,21,7,7,26,29,26,10,4,11,37
1.0,8,14,14,19,31,11,21,16,10,6,32,19
2.0,11,21,10,6,15,20,22,22,21,13,22,19
1.0,4,17,23,8,25,15,22,31,15,19,47,19
2.0,12,20,15,8,16,21,8,20,9,14,41,30
1.0,7,15,24,9,21,51,23,21,8,6,25,43
2.0,12,20,13,6,5,14,30,21,18,6,33,30
2.0,20,21,12,8,18,8,7,27,10,16,10,19
1.0,20,19,18,6,17,16,24,17,15,9,15,32
1.0,4,21,23,8,14,13,24,14,23,15,42,19
1.0,10,22,11,8,12,19,19,7,9,19,10,20
2.0,13,21,13,6,19,22,7,16,22,14,15,44
2.0,19,21,11,10,28,6,19,19,19,13,13,47
1.0,21,22,19,7,10,15,18,22,20,6,18,36
1.0,4,19,20,15,31,44,21,14,13,7,22,61
2.0,13,20,18,6,6,15,9,23,24,24,23,69
2.0,34,18,5,13,22,17,22,17,24,16,21,62
1.0,1,25,18,8,9,23,24,18,14,23,28,29
1.0,12,19,21,11,18,22,17,25,20,9,18,31
1.0,24,16,13,11,24,22,37,18,23,20,26,42
2.0,8,15,17,6,17,15,18,16,9,23,25,68
2.0,3,22,15,9,5,19,21,19,9,16,14,54
2.0,4,21,20,10,18,17,21,15,16,11,23,19
2.0,19,19,20,6,5,14,21,9,18,19,33,36
2.0,4,23,23,9,12,25,27,18,8,18,27,41
1.0,6,16,19,8,13,8,25,19,8,10,16,52
2.0,12,19,24,12,24,24,12,14,10,16,36,29
1.0,12,20,14,7,16,14,13,21,9,14,16,19
1.0,34,19,18,7,9,28,7,6,12,11,10,34
1.0,14,16,17,6,26,28,14,16,8,9,21,53
2.0,9,21,20,14,5,6,24,26,19,24,9,27
1.0,16,8,24,7,18,18,18,13,8,25,9,50
2.0,20,22,8,7,9,21,19,19,22,8,21,51
1.0,1,10,16,11,5,18,23,12,12,18,10,27
2.0,15,21,20,14,10,20,17,26,22,7,37,51
2.0,9,22,10,7,10,13,21,30,7,16,37,65
1.0,17,18,18,7,47,21,32,18,21,16,32,48
2.0,4,18,13,13,16,14,23,21,21,7,35,34
2.0,7,22,19,22,28,11,30,13,10,14,14,40
1.0,12,25,16,14,17,19,17,18,18,9,14,41
2.0,9,18,15,12,5,18,31,23,26,9,29,33
1.0,16,18,13,7,5,30,22,26,16,10,26,29
2.0,31,22,14,8,26,14,17,30,22,13,15,57
2.0,9,11,18,15,36,26,12,18,14,16,13,52
2.0,2,18,19,15,8,19,9,25,31,9,31,33
2.0,10,30,10,8,6,17,21,23,10,6,15,52
1.0,12,21,20,9,30,23,40,18,19,14,24,46
2.0,13,22,17,6,5,20,24,29,15,9,26,24
1.0,10,18,14,9,9,16,34,15,24,23,26,26
2.0,8,21,16,9,17,18,33,29,12,19,19,52
2.0,18,26,20,14,16,27,59,17,17,14,20,46
1.0,17,12,20,9,7,19,23,19,9,8,18,24
2.0,5,27,10,13,28,27,11,18,15,18,19,45
2.0,13,22,14,10,5,20,46,21,8,7,24,53
2.0,12,20,9,10,18,16,21,20,14,10,25,19
1.0,11,20,18,12,21,16,8,30,10,13,16,39
1.0,5,22,12,7,22,16,11,9,19,20,18,29
2.0,20,21,20,7,28,41,15,24,21,16,33,39
2.0,12,18,13,10,5,19,17,17,8,20,13,39
2.0,20,20,14,6,6,18,25,16,20,7,24,53
1.0,5,20,20,16,17,26,7,24,22,22,39,28
2.0,17,21,14,7,14,25,25,33,11,22,16,35
2.0,41,17,13,9,16,15,15,10,10,14,15,52
2.0,1,20,18,6,31,23,26,15,11,16,36,19
2.0,3,25,10,7,21,19,26,22,10,12,22,23
2.0,11,6,20,8,17,16,20,24,10,11,27,46
1.0,8,19,12,9,35,22,13,20,12,12,12,22
1.0,5,17,20,9,14,37,20,17,13,12,25,38
1.0,30,18,22,8,10,22,26,22,9,5,30,19
2.0,31,19,16,6,5,15,11,20,11,15,22,32
1.0,6,19,19,13,12,11,25,24,12,21,23,25
1.0,3,20,22,17,19,29,16,22,14,10,34,63
2.0,20,10,20,13,30,20,29,24,15,21,36,58
2.0,34,12,14,7,17,14,19,15,22,19,23,62
2.0,7,18,13,6,12,30,17,23,13,10,20,41
1.0,14,20,15,25,7,9,8,27,13,19,27,39
1.0,15,18,9,7,19,15,13,15,30,4,10,46
1.0,17,21,19,24,7,19,21,18,18,6,19,30
1.0,1,18,13,9,6,12,18,21,32,18,15,28
1.0,16,18,18,12,12,20,59,21,12,22,9,19
1.0,6,20,17,21,9,20,27,20,16,14,18,47
2.0,1,19,17,12,9,21,20,30,15,5,35,39
1.0,14,18,21,17,9,21,20,24,29,15,32,19
1.0,24,17,15,10,16,18,20,16,24,4,15,19
2.0,11,23,21,10,19,12,19,31,19,7,34,31
2.0,21,15,11,7,9,21,21,26,21,7,33,67
1.0,8,25,10,9,19,21,25,26,24,10,12,42
2.0,8,22,13,12,6,15,18,11,16,6,23,19
2.0,9,19,18,8,41,14,13,19,13,18,30,48
2.0,14,18,4,8,7,49,27,17,12,12,19,68
1.0,1,21,23,7,9,24,11,30,17,10,14,32
2.0,18,22,17,10,15,19,26,15,17,12,43,31
2.0,12,24,19,9,20,10,18,21,17,9,21,47
1.0,18,22,6,6,21,29,27,24,31,9,24,44
1.0,17,17,13,16,33,24,9,23,14,14,11,59
1.0,9,12,16,9,5,15,35,18,14,16,28,46
2.0,3,20,22,8,48,26,14,22,19,12,38,48
1.0,30,19,14,11,11,27,31,24,16,17,16,44
1.0,14,21,23,10,5,25,23,18,28,13,24,40
1.0,1,5,24,13,35,13,9,18,13,20,38,31
2.0,6,21,15,7,17,13,7,23,16,13,44,42
2.0,15,31,12,25,5,15,13,20,22,5,25,19
2.0,23,23,14,6,22,20,15,20,14,5,20,43
1.0,31,19,18,18,12,12,11,20,8,15,27,53
1.0,36,18,18,11,26,6,18,24,26,14,15,51
